<?xml version='1.0' encoding='UTF-8' standalone='no'?>
<doxygen xmlns:xsi="http://www.w3.org/2001/XMLSchema-instance" xsi:noNamespaceSchemaLocation="compound.xsd" version="1.10.0" xml:lang="en-US">
  <compounddef id="27975___projeto_p_o_o___comercio_8sln" kind="file" language="C++">
    <compoundname>27975_ProjetoPOO_Comercio.sln</compoundname>
    <briefdescription>
    </briefdescription>
    <detaileddescription>
    </detaileddescription>
    <programlisting>
<codeline></codeline>
<codeline><highlight class="normal">Microsoft<sp/>Visual<sp/>Studio<sp/>Solution<sp/>File,<sp/>Format<sp/>Version<sp/>12.00</highlight></codeline>
<codeline><highlight class="normal">#<sp/>Visual<sp/>Studio<sp/>Version<sp/>17</highlight></codeline>
<codeline><highlight class="normal">VisualStudioVersion<sp/>=<sp/>17.11.35312.102</highlight></codeline>
<codeline><highlight class="normal">MinimumVisualStudioVersion<sp/>=<sp/>10.0.40219.1</highlight></codeline>
<codeline><highlight class="normal">Project(&quot;{FAE04EC0-301F-11D3-BF4B-00C04F79EFBC}&quot;)<sp/>=<sp/>&quot;27975_ProjetoPOO_Comercio&quot;,<sp/>&quot;27975_ProjetoPOO_Comercio.csproj&quot;,<sp/>&quot;{4BC1991B-D455-4844-9A2E-AD8FE2376785}&quot;</highlight></codeline>
<codeline><highlight class="normal">EndProject</highlight></codeline>
<codeline><highlight class="normal">Global</highlight></codeline>
<codeline><highlight class="normal"><sp/><sp/><sp/><sp/>GlobalSection(SolutionConfigurationPlatforms)<sp/>=<sp/>preSolution</highlight></codeline>
<codeline><highlight class="normal"><sp/><sp/><sp/><sp/><sp/><sp/><sp/><sp/>Debug|Any<sp/>CPU<sp/>=<sp/>Debug|Any<sp/>CPU</highlight></codeline>
<codeline><highlight class="normal"><sp/><sp/><sp/><sp/><sp/><sp/><sp/><sp/>Release|Any<sp/>CPU<sp/>=<sp/>Release|Any<sp/>CPU</highlight></codeline>
<codeline><highlight class="normal"><sp/><sp/><sp/><sp/>EndGlobalSection</highlight></codeline>
<codeline><highlight class="normal"><sp/><sp/><sp/><sp/>GlobalSection(ProjectConfigurationPlatforms)<sp/>=<sp/>postSolution</highlight></codeline>
<codeline><highlight class="normal"><sp/><sp/><sp/><sp/><sp/><sp/><sp/><sp/>{4BC1991B-D455-4844-9A2E-AD8FE2376785}.Debug|Any<sp/>CPU.ActiveCfg<sp/>=<sp/>Debug|Any<sp/>CPU</highlight></codeline>
<codeline><highlight class="normal"><sp/><sp/><sp/><sp/><sp/><sp/><sp/><sp/>{4BC1991B-D455-4844-9A2E-AD8FE2376785}.Debug|Any<sp/>CPU.Build.0<sp/>=<sp/>Debug|Any<sp/>CPU</highlight></codeline>
<codeline><highlight class="normal"><sp/><sp/><sp/><sp/><sp/><sp/><sp/><sp/>{4BC1991B-D455-4844-9A2E-AD8FE2376785}.Release|Any<sp/>CPU.ActiveCfg<sp/>=<sp/>Release|Any<sp/>CPU</highlight></codeline>
<codeline><highlight class="normal"><sp/><sp/><sp/><sp/><sp/><sp/><sp/><sp/>{4BC1991B-D455-4844-9A2E-AD8FE2376785}.Release|Any<sp/>CPU.Build.0<sp/>=<sp/>Release|Any<sp/>CPU</highlight></codeline>
<codeline><highlight class="normal"><sp/><sp/><sp/><sp/>EndGlobalSection</highlight></codeline>
<codeline><highlight class="normal"><sp/><sp/><sp/><sp/>GlobalSection(SolutionProperties)<sp/>=<sp/>preSolution</highlight></codeline>
<codeline><highlight class="normal"><sp/><sp/><sp/><sp/><sp/><sp/><sp/><sp/>HideSolutionNode<sp/>=<sp/>FALSE</highlight></codeline>
<codeline><highlight class="normal"><sp/><sp/><sp/><sp/>EndGlobalSection</highlight></codeline>
<codeline><highlight class="normal"><sp/><sp/><sp/><sp/>GlobalSection(ExtensibilityGlobals)<sp/>=<sp/>postSolution</highlight></codeline>
<codeline><highlight class="normal"><sp/><sp/><sp/><sp/><sp/><sp/><sp/><sp/>SolutionGuid<sp/>=<sp/>{2FCFD29D-5746-4930-BD38-B4B2C45B5000}</highlight></codeline>
<codeline><highlight class="normal"><sp/><sp/><sp/><sp/>EndGlobalSection</highlight></codeline>
<codeline><highlight class="normal">EndGlobal</highlight></codeline>
    </programlisting>
    <location file="27975_ProjetoPOO_Comercio.sln"/>
  </compounddef>
</doxygen>
