<?xml version='1.0' encoding='UTF-8' standalone='no'?>
<doxygen xmlns:xsi="http://www.w3.org/2001/XMLSchema-instance" xsi:noNamespaceSchemaLocation="compound.xsd" version="1.10.0" xml:lang="en-US">
  <compounddef id="class_listas_lib_1_1_pedidos" kind="class" language="C#" prot="public">
    <compoundname>ListasLib::Pedidos</compoundname>
    <sectiondef kind="private-static-attrib">
      <memberdef kind="variable" id="class_listas_lib_1_1_pedidos_1a6f84a0651a3325f10cf6516ec5050fa7" prot="private" static="yes" mutable="no">
        <type>List&lt; <ref refid="class_business_object_1_1_pedido" kindref="compound">Pedido</ref> &gt;</type>
        <definition>List&lt;Pedido&gt; ListasLib.Pedidos.listaPedidos</definition>
        <argsstring></argsstring>
        <name>listaPedidos</name>
        <qualifiedname>ListasLib.Pedidos.listaPedidos</qualifiedname>
        <briefdescription>
<para>Lista de pedidos no sistema. </para>
        </briefdescription>
        <detaileddescription>
        </detaileddescription>
        <inbodydescription>
        </inbodydescription>
        <location file="ListasLib/Pedidos.cs" line="19" column="29" bodyfile="ListasLib/Pedidos.cs" bodystart="19" bodyend="-1"/>
      </memberdef>
    </sectiondef>
    <sectiondef kind="private-static-func">
      <memberdef kind="function" id="class_listas_lib_1_1_pedidos_1a6f0d1861ffc23c097c89bab44be77bc2" prot="private" static="yes" const="no" explicit="no" inline="yes" virt="non-virtual">
        <type>static</type>
        <definition>static ListasLib.Pedidos.Pedidos</definition>
        <argsstring>()</argsstring>
        <name>Pedidos</name>
        <qualifiedname>ListasLib.Pedidos.Pedidos</qualifiedname>
        <briefdescription>
<para>Construtor que inicializa a lista de pedidos. </para>
        </briefdescription>
        <detaileddescription>
        </detaileddescription>
        <inbodydescription>
        </inbodydescription>
        <location file="ListasLib/Pedidos.cs" line="26" column="17" bodyfile="ListasLib/Pedidos.cs" bodystart="26" bodyend="29"/>
      </memberdef>
    </sectiondef>
    <sectiondef kind="public-static-func">
      <memberdef kind="function" id="class_listas_lib_1_1_pedidos_1ac77a6800225733274897ecb7210506e9" prot="public" static="yes" const="no" explicit="no" inline="yes" virt="non-virtual">
        <type>bool</type>
        <definition>static bool ListasLib.Pedidos.AdicionarPedido</definition>
        <argsstring>(Pedido pedido)</argsstring>
        <name>AdicionarPedido</name>
        <qualifiedname>ListasLib.Pedidos.AdicionarPedido</qualifiedname>
        <param>
          <type><ref refid="class_business_object_1_1_pedido" kindref="compound">Pedido</ref></type>
          <declname>pedido</declname>
        </param>
        <briefdescription>
<para>Adiciona um novo pedido à lista. </para>
        </briefdescription>
        <detaileddescription>
<para><parameterlist kind="param"><parameteritem>
<parameternamelist>
<parametername>pedido</parametername>
</parameternamelist>
<parameterdescription>
<para>Objeto do tipo Pedido a ser adicionado.</para>
</parameterdescription>
</parameteritem>
</parameterlist>
</para>
        </detaileddescription>
        <inbodydescription>
        </inbodydescription>
        <location file="ListasLib/Pedidos.cs" line="37" column="28" bodyfile="ListasLib/Pedidos.cs" bodystart="37" bodyend="49"/>
      </memberdef>
      <memberdef kind="function" id="class_listas_lib_1_1_pedidos_1a087c322d909300ace59fb42de9bc59ba" prot="public" static="yes" const="no" explicit="no" inline="yes" virt="non-virtual">
        <type>bool</type>
        <definition>static bool ListasLib.Pedidos.RemoverPedidos</definition>
        <argsstring>(int id)</argsstring>
        <name>RemoverPedidos</name>
        <qualifiedname>ListasLib.Pedidos.RemoverPedidos</qualifiedname>
        <param>
          <type>int</type>
          <declname>id</declname>
        </param>
        <briefdescription>
<para>Remove um Pedido da lista com base no ID. </para>
        </briefdescription>
        <detaileddescription>
<para><parameterlist kind="param"><parameteritem>
<parameternamelist>
<parametername>id</parametername>
</parameternamelist>
<parameterdescription>
<para>ID do pedido a ser removida.</para>
</parameterdescription>
</parameteritem>
</parameterlist>
</para>
        </detaileddescription>
        <inbodydescription>
        </inbodydescription>
        <location file="ListasLib/Pedidos.cs" line="55" column="29" bodyfile="ListasLib/Pedidos.cs" bodystart="55" bodyend="68"/>
      </memberdef>
      <memberdef kind="function" id="class_listas_lib_1_1_pedidos_1a744b9e1d91ad8042f3b8efdaa3966a61" prot="public" static="yes" const="no" explicit="no" inline="yes" virt="non-virtual">
        <type>bool</type>
        <definition>static bool ListasLib.Pedidos.Existe</definition>
        <argsstring>(int id)</argsstring>
        <name>Existe</name>
        <qualifiedname>ListasLib.Pedidos.Existe</qualifiedname>
        <param>
          <type>int</type>
          <declname>id</declname>
        </param>
        <briefdescription>
<para>Verifica se um pedido existe na lista pelo ID. </para>
        </briefdescription>
        <detaileddescription>
<para><parameterlist kind="param"><parameteritem>
<parameternamelist>
<parametername>id</parametername>
</parameternamelist>
<parameterdescription>
<para>ID Pedido.</para>
</parameterdescription>
</parameteritem>
</parameterlist>
<simplesect kind="return"><para>Verdadeiro se o pedido existir; falso caso contrário.</para>
</simplesect>
</para>
        </detaileddescription>
        <inbodydescription>
        </inbodydescription>
        <location file="ListasLib/Pedidos.cs" line="75" column="28" bodyfile="ListasLib/Pedidos.cs" bodystart="75" bodyend="87"/>
      </memberdef>
      <memberdef kind="function" id="class_listas_lib_1_1_pedidos_1ae85f9a8221c641c596c1506b56c9c9b0" prot="public" static="yes" const="no" explicit="no" inline="yes" virt="non-virtual">
        <type>void</type>
        <definition>static void ListasLib.Pedidos.GuardarParaFicheiro</definition>
        <argsstring>(string cdFile)</argsstring>
        <name>GuardarParaFicheiro</name>
        <qualifiedname>ListasLib.Pedidos.GuardarParaFicheiro</qualifiedname>
        <param>
          <type>string</type>
          <declname>cdFile</declname>
        </param>
        <briefdescription>
<para>Guardar a lista de pedidos em um ficheiro. </para>
        </briefdescription>
        <detaileddescription>
<para><parameterlist kind="param"><parameteritem>
<parameternamelist>
<parametername>cdFile</parametername>
</parameternamelist>
<parameterdescription>
<para>Caminho do ficheiro onde os dados serão guardados.</para>
</parameterdescription>
</parameteritem>
</parameterlist>
</para>
        </detaileddescription>
        <inbodydescription>
        </inbodydescription>
        <location file="ListasLib/Pedidos.cs" line="93" column="28" bodyfile="ListasLib/Pedidos.cs" bodystart="93" bodyend="103"/>
      </memberdef>
      <memberdef kind="function" id="class_listas_lib_1_1_pedidos_1aa9c9c6076d8609bda3eeb624dc19cfee" prot="public" static="yes" const="no" explicit="no" inline="yes" virt="non-virtual">
        <type>void</type>
        <definition>static void ListasLib.Pedidos.CarregarDeFicheiro</definition>
        <argsstring>(string cdFile)</argsstring>
        <name>CarregarDeFicheiro</name>
        <qualifiedname>ListasLib.Pedidos.CarregarDeFicheiro</qualifiedname>
        <param>
          <type>string</type>
          <declname>cdFile</declname>
        </param>
        <briefdescription>
<para>Carrega a lista de pedidos de um ficheiro. </para>
        </briefdescription>
        <detaileddescription>
<para><parameterlist kind="param"><parameteritem>
<parameternamelist>
<parametername>cdFile</parametername>
</parameternamelist>
<parameterdescription>
<para>Caminho do ficheiro a ser carregado.</para>
</parameterdescription>
</parameteritem>
</parameterlist>
</para>
        </detaileddescription>
        <inbodydescription>
        </inbodydescription>
        <location file="ListasLib/Pedidos.cs" line="109" column="28" bodyfile="ListasLib/Pedidos.cs" bodystart="109" bodyend="120"/>
      </memberdef>
    </sectiondef>
    <briefdescription>
    </briefdescription>
    <detaileddescription>
    </detaileddescription>
    <location file="ListasLib/Pedidos.cs" line="13" column="11" bodyfile="ListasLib/Pedidos.cs" bodystart="14" bodyend="122"/>
    <listofallmembers>
      <member refid="class_listas_lib_1_1_pedidos_1ac77a6800225733274897ecb7210506e9" prot="public" virt="non-virtual"><scope>ListasLib::Pedidos</scope><name>AdicionarPedido</name></member>
      <member refid="class_listas_lib_1_1_pedidos_1aa9c9c6076d8609bda3eeb624dc19cfee" prot="public" virt="non-virtual"><scope>ListasLib::Pedidos</scope><name>CarregarDeFicheiro</name></member>
      <member refid="class_listas_lib_1_1_pedidos_1a744b9e1d91ad8042f3b8efdaa3966a61" prot="public" virt="non-virtual"><scope>ListasLib::Pedidos</scope><name>Existe</name></member>
      <member refid="class_listas_lib_1_1_pedidos_1ae85f9a8221c641c596c1506b56c9c9b0" prot="public" virt="non-virtual"><scope>ListasLib::Pedidos</scope><name>GuardarParaFicheiro</name></member>
      <member refid="class_listas_lib_1_1_pedidos_1a6f84a0651a3325f10cf6516ec5050fa7" prot="private" virt="non-virtual"><scope>ListasLib::Pedidos</scope><name>listaPedidos</name></member>
      <member refid="class_listas_lib_1_1_pedidos_1a6f0d1861ffc23c097c89bab44be77bc2" prot="private" virt="non-virtual"><scope>ListasLib::Pedidos</scope><name>Pedidos</name></member>
      <member refid="class_listas_lib_1_1_pedidos_1a087c322d909300ace59fb42de9bc59ba" prot="public" virt="non-virtual"><scope>ListasLib::Pedidos</scope><name>RemoverPedidos</name></member>
    </listofallmembers>
  </compounddef>
</doxygen>
