<?xml version='1.0' encoding='UTF-8' standalone='no'?>
<doxygen xmlns:xsi="http://www.w3.org/2001/XMLSchema-instance" xsi:noNamespaceSchemaLocation="compound.xsd" version="1.10.0" xml:lang="en-US">
  <compounddef id="class_excecoes_lib_1_1_pedidos_sem_produto" kind="class" language="C#" prot="public">
    <compoundname>ExcecoesLib::PedidosSemProduto</compoundname>
    <basecompoundref prot="public" virt="non-virtual">ApplicationException</basecompoundref>
    <sectiondef kind="public-func">
      <memberdef kind="function" id="class_excecoes_lib_1_1_pedidos_sem_produto_1aa66ada947169d78d88ed29c2bf6d42af" prot="public" static="no" const="no" explicit="no" inline="yes" virt="non-virtual">
        <type></type>
        <definition>ExcecoesLib.PedidosSemProduto.PedidosSemProduto</definition>
        <argsstring>()</argsstring>
        <name>PedidosSemProduto</name>
        <qualifiedname>ExcecoesLib.PedidosSemProduto.PedidosSemProduto</qualifiedname>
        <briefdescription>
<para>Construtor sem parâmetros, com uma mensagem padrão. </para>
        </briefdescription>
        <detaileddescription>
        </detaileddescription>
        <inbodydescription>
        </inbodydescription>
        <location file="ExcecoesLib/PedidosSemProduto.cs" line="17" column="16" bodyfile="ExcecoesLib/PedidosSemProduto.cs" bodystart="17" bodyend="17"/>
      </memberdef>
      <memberdef kind="function" id="class_excecoes_lib_1_1_pedidos_sem_produto_1a402ec7ff974cecefc8a39de671c96122" prot="public" static="no" const="no" explicit="no" inline="yes" virt="non-virtual">
        <type></type>
        <definition>ExcecoesLib.PedidosSemProduto.PedidosSemProduto</definition>
        <argsstring>(string mensagem)</argsstring>
        <name>PedidosSemProduto</name>
        <qualifiedname>ExcecoesLib.PedidosSemProduto.PedidosSemProduto</qualifiedname>
        <param>
          <type>string</type>
          <declname>mensagem</declname>
        </param>
        <briefdescription>
<para>Construtor que permite passar uma mensagem personalizada. </para>
        </briefdescription>
        <detaileddescription>
<para><parameterlist kind="param"><parameteritem>
<parameternamelist>
<parametername>mensagem</parametername>
</parameternamelist>
<parameterdescription>
</parameterdescription>
</parameteritem>
</parameterlist>
</para>
        </detaileddescription>
        <inbodydescription>
        </inbodydescription>
        <location file="ExcecoesLib/PedidosSemProduto.cs" line="23" column="16" bodyfile="ExcecoesLib/PedidosSemProduto.cs" bodystart="23" bodyend="23"/>
      </memberdef>
      <memberdef kind="function" id="class_excecoes_lib_1_1_pedidos_sem_produto_1a54c5ffc085a90675d47cf13ac142c19d" prot="public" static="no" const="no" explicit="no" inline="yes" virt="non-virtual">
        <type></type>
        <definition>ExcecoesLib.PedidosSemProduto.PedidosSemProduto</definition>
        <argsstring>(string mensagem, Exception inner)</argsstring>
        <name>PedidosSemProduto</name>
        <qualifiedname>ExcecoesLib.PedidosSemProduto.PedidosSemProduto</qualifiedname>
        <param>
          <type>string</type>
          <declname>mensagem</declname>
        </param>
        <param>
          <type>Exception</type>
          <declname>inner</declname>
        </param>
        <briefdescription>
<para>Construtor que permite passar uma mensagem personalizada e uma exceção interna. </para>
        </briefdescription>
        <detaileddescription>
<para><parameterlist kind="param"><parameteritem>
<parameternamelist>
<parametername>mensagem</parametername>
</parameternamelist>
<parameterdescription>
</parameterdescription>
</parameteritem>
<parameteritem>
<parameternamelist>
<parametername>inner</parametername>
</parameternamelist>
<parameterdescription>
</parameterdescription>
</parameteritem>
</parameterlist>
</para>
        </detaileddescription>
        <inbodydescription>
        </inbodydescription>
        <location file="ExcecoesLib/PedidosSemProduto.cs" line="30" column="16" bodyfile="ExcecoesLib/PedidosSemProduto.cs" bodystart="30" bodyend="30"/>
      </memberdef>
    </sectiondef>
    <briefdescription>
<para>Exceção para pedidos sem produtos. </para>
    </briefdescription>
    <detaileddescription>
    </detaileddescription>
    <inheritancegraph>
      <node id="2">
        <label>ApplicationException</label>
      </node>
      <node id="1">
        <label>ExcecoesLib.PedidosSemProduto</label>
        <link refid="class_excecoes_lib_1_1_pedidos_sem_produto"/>
        <childnode refid="2" relation="public-inheritance">
        </childnode>
      </node>
    </inheritancegraph>
    <collaborationgraph>
      <node id="2">
        <label>ApplicationException</label>
      </node>
      <node id="1">
        <label>ExcecoesLib.PedidosSemProduto</label>
        <link refid="class_excecoes_lib_1_1_pedidos_sem_produto"/>
        <childnode refid="2" relation="public-inheritance">
        </childnode>
      </node>
    </collaborationgraph>
    <location file="ExcecoesLib/PedidosSemProduto.cs" line="12" column="11" bodyfile="ExcecoesLib/PedidosSemProduto.cs" bodystart="13" bodyend="31"/>
    <listofallmembers>
      <member refid="class_excecoes_lib_1_1_pedidos_sem_produto_1aa66ada947169d78d88ed29c2bf6d42af" prot="public" virt="non-virtual"><scope>ExcecoesLib::PedidosSemProduto</scope><name>PedidosSemProduto</name></member>
      <member refid="class_excecoes_lib_1_1_pedidos_sem_produto_1a402ec7ff974cecefc8a39de671c96122" prot="public" virt="non-virtual"><scope>ExcecoesLib::PedidosSemProduto</scope><name>PedidosSemProduto</name></member>
      <member refid="class_excecoes_lib_1_1_pedidos_sem_produto_1a54c5ffc085a90675d47cf13ac142c19d" prot="public" virt="non-virtual"><scope>ExcecoesLib::PedidosSemProduto</scope><name>PedidosSemProduto</name></member>
    </listofallmembers>
  </compounddef>
</doxygen>
