<?xml version='1.0' encoding='UTF-8' standalone='no'?>
<doxygen xmlns:xsi="http://www.w3.org/2001/XMLSchema-instance" xsi:noNamespaceSchemaLocation="compound.xsd" version="1.10.0" xml:lang="en-US">
  <compounddef id="class_excecoes_lib_1_1_nao_pode_inserir" kind="class" language="C#" prot="public">
    <compoundname>ExcecoesLib::NaoPodeInserir</compoundname>
    <basecompoundref prot="public" virt="non-virtual">ApplicationException</basecompoundref>
    <sectiondef kind="public-func">
      <memberdef kind="function" id="class_excecoes_lib_1_1_nao_pode_inserir_1a60d8b235889dfadb80dbac0ece392ed6" prot="public" static="no" const="no" explicit="no" inline="yes" virt="non-virtual">
        <type></type>
        <definition>ExcecoesLib.NaoPodeInserir.NaoPodeInserir</definition>
        <argsstring>()</argsstring>
        <name>NaoPodeInserir</name>
        <qualifiedname>ExcecoesLib.NaoPodeInserir.NaoPodeInserir</qualifiedname>
        <briefdescription>
<para>Construtor padrão com uma mensagem fixa. </para>
        </briefdescription>
        <detaileddescription>
        </detaileddescription>
        <inbodydescription>
        </inbodydescription>
        <location file="ExcecoesLib/NaoPodeInserir.cs" line="14" column="16" bodyfile="ExcecoesLib/NaoPodeInserir.cs" bodystart="14" bodyend="14"/>
        <referencedby refid="class_excecoes_lib_1_1_nao_pode_inserir_1add8a20fe70e49840beb8aa145eb8dc2f" compoundref="_nao_pode_inserir_8cs" startline="30" endline="33">ExcecoesLib.NaoPodeInserir.NaoPodeInserir</referencedby>
      </memberdef>
      <memberdef kind="function" id="class_excecoes_lib_1_1_nao_pode_inserir_1afab9741c4ebd635fbe421084e3b2df39" prot="public" static="no" const="no" explicit="no" inline="yes" virt="non-virtual">
        <type></type>
        <definition>ExcecoesLib.NaoPodeInserir.NaoPodeInserir</definition>
        <argsstring>(string msg)</argsstring>
        <name>NaoPodeInserir</name>
        <qualifiedname>ExcecoesLib.NaoPodeInserir.NaoPodeInserir</qualifiedname>
        <param>
          <type>string</type>
          <declname>msg</declname>
        </param>
        <briefdescription>
<para>Construtor que recebe uma mensagem personalizada. </para>
        </briefdescription>
        <detaileddescription>
<para><parameterlist kind="param"><parameteritem>
<parameternamelist>
<parametername>msg</parametername>
</parameternamelist>
<parameterdescription>
</parameterdescription>
</parameteritem>
</parameterlist>
<parameterlist kind="exception"><parameteritem>
<parameternamelist>
<parametername>Exception</parametername>
</parameternamelist>
<parameterdescription>
</parameterdescription>
</parameteritem>
</parameterlist>
</para>
        </detaileddescription>
        <inbodydescription>
        </inbodydescription>
        <location file="ExcecoesLib/NaoPodeInserir.cs" line="20" column="16" bodyfile="ExcecoesLib/NaoPodeInserir.cs" bodystart="20" bodyend="23"/>
      </memberdef>
      <memberdef kind="function" id="class_excecoes_lib_1_1_nao_pode_inserir_1add8a20fe70e49840beb8aa145eb8dc2f" prot="public" static="no" const="no" explicit="no" inline="yes" virt="non-virtual">
        <type></type>
        <definition>ExcecoesLib.NaoPodeInserir.NaoPodeInserir</definition>
        <argsstring>(Exception e)</argsstring>
        <name>NaoPodeInserir</name>
        <qualifiedname>ExcecoesLib.NaoPodeInserir.NaoPodeInserir</qualifiedname>
        <param>
          <type>Exception</type>
          <declname>e</declname>
        </param>
        <briefdescription>
<para>Construtor que recebe uma exceção e relança com a mensagem personalizada. </para>
        </briefdescription>
        <detaileddescription>
<para><parameterlist kind="param"><parameteritem>
<parameternamelist>
<parametername>e</parametername>
</parameternamelist>
<parameterdescription>
</parameterdescription>
</parameteritem>
</parameterlist>
<parameterlist kind="exception"><parameteritem>
<parameternamelist>
<parametername>NaoPodeInserir</parametername>
</parameternamelist>
<parameterdescription>
</parameterdescription>
</parameteritem>
</parameterlist>
</para>
        </detaileddescription>
        <inbodydescription>
        </inbodydescription>
        <location file="ExcecoesLib/NaoPodeInserir.cs" line="30" column="16" bodyfile="ExcecoesLib/NaoPodeInserir.cs" bodystart="30" bodyend="33"/>
        <references refid="class_excecoes_lib_1_1_nao_pode_inserir_1a60d8b235889dfadb80dbac0ece392ed6" compoundref="_nao_pode_inserir_8cs" startline="14" endline="14">ExcecoesLib.NaoPodeInserir.NaoPodeInserir</references>
      </memberdef>
    </sectiondef>
    <briefdescription>
    </briefdescription>
    <detaileddescription>
    </detaileddescription>
    <inheritancegraph>
      <node id="2">
        <label>ApplicationException</label>
      </node>
      <node id="1">
        <label>ExcecoesLib.NaoPodeInserir</label>
        <link refid="class_excecoes_lib_1_1_nao_pode_inserir"/>
        <childnode refid="2" relation="public-inheritance">
        </childnode>
      </node>
    </inheritancegraph>
    <collaborationgraph>
      <node id="2">
        <label>ApplicationException</label>
      </node>
      <node id="1">
        <label>ExcecoesLib.NaoPodeInserir</label>
        <link refid="class_excecoes_lib_1_1_nao_pode_inserir"/>
        <childnode refid="2" relation="public-inheritance">
        </childnode>
      </node>
    </collaborationgraph>
    <location file="ExcecoesLib/NaoPodeInserir.cs" line="9" column="11" bodyfile="ExcecoesLib/NaoPodeInserir.cs" bodystart="10" bodyend="34"/>
    <listofallmembers>
      <member refid="class_excecoes_lib_1_1_nao_pode_inserir_1a60d8b235889dfadb80dbac0ece392ed6" prot="public" virt="non-virtual"><scope>ExcecoesLib::NaoPodeInserir</scope><name>NaoPodeInserir</name></member>
      <member refid="class_excecoes_lib_1_1_nao_pode_inserir_1afab9741c4ebd635fbe421084e3b2df39" prot="public" virt="non-virtual"><scope>ExcecoesLib::NaoPodeInserir</scope><name>NaoPodeInserir</name></member>
      <member refid="class_excecoes_lib_1_1_nao_pode_inserir_1add8a20fe70e49840beb8aa145eb8dc2f" prot="public" virt="non-virtual"><scope>ExcecoesLib::NaoPodeInserir</scope><name>NaoPodeInserir</name></member>
    </listofallmembers>
  </compounddef>
</doxygen>
