<?xml version='1.0' encoding='UTF-8' standalone='no'?>
<doxygen xmlns:xsi="http://www.w3.org/2001/XMLSchema-instance" xsi:noNamespaceSchemaLocation="compound.xsd" version="1.10.0" xml:lang="en-US">
  <compounddef id="class_business_object_1_1_utilizador" kind="class" language="C#" prot="public">
    <compoundname>BusinessObject::Utilizador</compoundname>
    <derivedcompoundref refid="class_business_object_1_1_admin" prot="public" virt="non-virtual">BusinessObject.Admin</derivedcompoundref>
    <derivedcompoundref refid="class_business_object_1_1_cliente" prot="public" virt="non-virtual">BusinessObject.Cliente</derivedcompoundref>
    <sectiondef kind="private-attrib">
      <memberdef kind="variable" id="class_business_object_1_1_utilizador_1a1459be232c110dd1363e4fd10b139fdc" prot="private" static="no" mutable="no">
        <type>int</type>
        <definition>int BusinessObject.Utilizador.id</definition>
        <argsstring></argsstring>
        <name>id</name>
        <qualifiedname>BusinessObject.Utilizador.id</qualifiedname>
        <briefdescription>
<para>Representa um produto no sistema de comércio eletrônico. </para>
        </briefdescription>
        <detaileddescription>
        </detaileddescription>
        <inbodydescription>
        </inbodydescription>
        <location file="BusinessObjectLib/Utilizador.cs" line="16" column="13" bodyfile="BusinessObjectLib/Utilizador.cs" bodystart="16" bodyend="-1"/>
      </memberdef>
      <memberdef kind="variable" id="class_business_object_1_1_utilizador_1a6aed02dc50ed13c49bc51aaef06fc103" prot="private" static="no" mutable="no">
        <type>string</type>
        <definition>string BusinessObject.Utilizador.nome</definition>
        <argsstring></argsstring>
        <name>nome</name>
        <qualifiedname>BusinessObject.Utilizador.nome</qualifiedname>
        <briefdescription>
        </briefdescription>
        <detaileddescription>
        </detaileddescription>
        <inbodydescription>
        </inbodydescription>
        <location file="BusinessObjectLib/Utilizador.cs" line="17" column="16" bodyfile="BusinessObjectLib/Utilizador.cs" bodystart="17" bodyend="-1"/>
      </memberdef>
      <memberdef kind="variable" id="class_business_object_1_1_utilizador_1a9315f0709c0c7f18b2ee8bc31999e4e5" prot="private" static="no" mutable="no">
        <type>string</type>
        <definition>string BusinessObject.Utilizador.email</definition>
        <argsstring></argsstring>
        <name>email</name>
        <qualifiedname>BusinessObject.Utilizador.email</qualifiedname>
        <briefdescription>
        </briefdescription>
        <detaileddescription>
        </detaileddescription>
        <inbodydescription>
        </inbodydescription>
        <location file="BusinessObjectLib/Utilizador.cs" line="18" column="16" bodyfile="BusinessObjectLib/Utilizador.cs" bodystart="18" bodyend="-1"/>
      </memberdef>
      <memberdef kind="variable" id="class_business_object_1_1_utilizador_1ab958644afd17d71f86793492789baf1a" prot="private" static="no" mutable="no">
        <type>string</type>
        <definition>string BusinessObject.Utilizador.nTelemovel</definition>
        <argsstring></argsstring>
        <name>nTelemovel</name>
        <qualifiedname>BusinessObject.Utilizador.nTelemovel</qualifiedname>
        <briefdescription>
        </briefdescription>
        <detaileddescription>
        </detaileddescription>
        <inbodydescription>
        </inbodydescription>
        <location file="BusinessObjectLib/Utilizador.cs" line="19" column="16" bodyfile="BusinessObjectLib/Utilizador.cs" bodystart="19" bodyend="-1"/>
      </memberdef>
    </sectiondef>
    <sectiondef kind="property">
      <memberdef kind="property" id="class_business_object_1_1_utilizador_1a9840d6e9bf0a3147b9f8b6fd1d830cd1" prot="public" static="no" readable="no" writable="no" gettable="yes" privategettable="no" protectedgettable="no" settable="yes" privatesettable="no" protectedsettable="no">
        <type>int</type>
        <definition>int BusinessObject.Utilizador.Id</definition>
        <argsstring></argsstring>
        <name>Id</name>
        <qualifiedname>BusinessObject.Utilizador.Id</qualifiedname>
        <briefdescription>
<para>Região que agrupa as propriedades (getters e setters) da classe. </para>
        </briefdescription>
        <detaileddescription>
        </detaileddescription>
        <inbodydescription>
        </inbodydescription>
        <location file="BusinessObjectLib/Utilizador.cs" line="44" column="20" bodyfile="BusinessObjectLib/Utilizador.cs" bodystart="45" bodyend="48"/>
        <referencedby refid="class_business_object_1_1_utilizador_1a63a595b50ac148bfa33362a0113a8858" compoundref="_utilizador_8cs" startline="30" endline="36">BusinessObject.Utilizador.Utilizador</referencedby>
      </memberdef>
      <memberdef kind="property" id="class_business_object_1_1_utilizador_1acb90639c0945c2839417c968bb610e2a" prot="public" static="no" readable="no" writable="no" gettable="yes" privategettable="no" protectedgettable="no" settable="yes" privatesettable="no" protectedsettable="no">
        <type>string</type>
        <definition>string BusinessObject.Utilizador.Nome</definition>
        <argsstring></argsstring>
        <name>Nome</name>
        <qualifiedname>BusinessObject.Utilizador.Nome</qualifiedname>
        <briefdescription>
        </briefdescription>
        <detaileddescription>
        </detaileddescription>
        <inbodydescription>
        </inbodydescription>
        <location file="BusinessObjectLib/Utilizador.cs" line="49" column="23" bodyfile="BusinessObjectLib/Utilizador.cs" bodystart="50" bodyend="53"/>
        <referencedby refid="class_business_object_1_1_utilizador_1a63a595b50ac148bfa33362a0113a8858" compoundref="_utilizador_8cs" startline="30" endline="36">BusinessObject.Utilizador.Utilizador</referencedby>
      </memberdef>
      <memberdef kind="property" id="class_business_object_1_1_utilizador_1a20dafdcab413bd802723c51bc05ef473" prot="public" static="no" readable="no" writable="no" gettable="yes" privategettable="no" protectedgettable="no" settable="yes" privatesettable="no" protectedsettable="no">
        <type>string</type>
        <definition>string BusinessObject.Utilizador.Email</definition>
        <argsstring></argsstring>
        <name>Email</name>
        <qualifiedname>BusinessObject.Utilizador.Email</qualifiedname>
        <briefdescription>
        </briefdescription>
        <detaileddescription>
        </detaileddescription>
        <inbodydescription>
        </inbodydescription>
        <location file="BusinessObjectLib/Utilizador.cs" line="54" column="23" bodyfile="BusinessObjectLib/Utilizador.cs" bodystart="55" bodyend="58"/>
        <referencedby refid="class_business_object_1_1_utilizador_1a63a595b50ac148bfa33362a0113a8858" compoundref="_utilizador_8cs" startline="30" endline="36">BusinessObject.Utilizador.Utilizador</referencedby>
      </memberdef>
      <memberdef kind="property" id="class_business_object_1_1_utilizador_1af0b626e983278a95d8e7f043699159da" prot="public" static="no" readable="no" writable="no" gettable="yes" privategettable="no" protectedgettable="no" settable="yes" privatesettable="no" protectedsettable="no">
        <type>string</type>
        <definition>string BusinessObject.Utilizador.NTelemovel</definition>
        <argsstring></argsstring>
        <name>NTelemovel</name>
        <qualifiedname>BusinessObject.Utilizador.NTelemovel</qualifiedname>
        <briefdescription>
        </briefdescription>
        <detaileddescription>
        </detaileddescription>
        <inbodydescription>
        </inbodydescription>
        <location file="BusinessObjectLib/Utilizador.cs" line="59" column="23" bodyfile="BusinessObjectLib/Utilizador.cs" bodystart="60" bodyend="63"/>
      </memberdef>
    </sectiondef>
    <sectiondef kind="public-func">
      <memberdef kind="function" id="class_business_object_1_1_utilizador_1a63a595b50ac148bfa33362a0113a8858" prot="public" static="no" const="no" explicit="no" inline="yes" virt="non-virtual">
        <type></type>
        <definition>BusinessObject.Utilizador.Utilizador</definition>
        <argsstring>(int id, string nome, string email, string ntelemovel)</argsstring>
        <name>Utilizador</name>
        <qualifiedname>BusinessObject.Utilizador.Utilizador</qualifiedname>
        <param>
          <type>int</type>
          <declname>id</declname>
        </param>
        <param>
          <type>string</type>
          <declname>nome</declname>
        </param>
        <param>
          <type>string</type>
          <declname>email</declname>
        </param>
        <param>
          <type>string</type>
          <declname>ntelemovel</declname>
        </param>
        <briefdescription>
<para>Construtor da classe base. </para>
        </briefdescription>
        <detaileddescription>
<para><parameterlist kind="param"><parameteritem>
<parameternamelist>
<parametername>id</parametername>
</parameternamelist>
<parameterdescription>
</parameterdescription>
</parameteritem>
<parameteritem>
<parameternamelist>
<parametername>nome</parametername>
</parameternamelist>
<parameterdescription>
</parameterdescription>
</parameteritem>
<parameteritem>
<parameternamelist>
<parametername>email</parametername>
</parameternamelist>
<parameterdescription>
</parameterdescription>
</parameteritem>
<parameteritem>
<parameternamelist>
<parametername>ntelemovel</parametername>
</parameternamelist>
<parameterdescription>
</parameterdescription>
</parameteritem>
</parameterlist>
</para>
        </detaileddescription>
        <inbodydescription>
        </inbodydescription>
        <location file="BusinessObjectLib/Utilizador.cs" line="30" column="16" bodyfile="BusinessObjectLib/Utilizador.cs" bodystart="30" bodyend="36"/>
        <references refid="class_business_object_1_1_utilizador_1a20dafdcab413bd802723c51bc05ef473" compoundref="_utilizador_8cs" startline="55" endline="58">BusinessObject.Utilizador.Email</references>
        <references refid="class_business_object_1_1_utilizador_1a9840d6e9bf0a3147b9f8b6fd1d830cd1" compoundref="_utilizador_8cs" startline="45" endline="48">BusinessObject.Utilizador.Id</references>
        <references refid="class_business_object_1_1_utilizador_1acb90639c0945c2839417c968bb610e2a" compoundref="_utilizador_8cs" startline="50" endline="53">BusinessObject.Utilizador.Nome</references>
      </memberdef>
      <memberdef kind="function" id="class_business_object_1_1_utilizador_1a907498e51572fbd62e7da12e6db8ffc2" prot="public" static="no" const="no" explicit="no" inline="yes" virt="non-virtual">
        <type>bool</type>
        <definition>bool BusinessObject.Utilizador.AtualizarContato</definition>
        <argsstring>(string novoEmail, string novoTelemovel)</argsstring>
        <name>AtualizarContato</name>
        <qualifiedname>BusinessObject.Utilizador.AtualizarContato</qualifiedname>
        <param>
          <type>string</type>
          <declname>novoEmail</declname>
        </param>
        <param>
          <type>string</type>
          <declname>novoTelemovel</declname>
        </param>
        <briefdescription>
<para>Atualiza o e-mail e o número de telemóvel do utilizador. </para>
        </briefdescription>
        <detaileddescription>
<para><parameterlist kind="param"><parameteritem>
<parameternamelist>
<parametername>novoEmail</parametername>
</parameternamelist>
<parameterdescription>
<para>O novo e-mail do cliente.</para>
</parameterdescription>
</parameteritem>
<parameteritem>
<parameternamelist>
<parametername>novoTelemovel</parametername>
</parameternamelist>
<parameterdescription>
<para>O novo número de telemóvel do cliente.</para>
</parameterdescription>
</parameteritem>
</parameterlist>
</para>
        </detaileddescription>
        <inbodydescription>
        </inbodydescription>
        <location file="BusinessObjectLib/Utilizador.cs" line="73" column="21" bodyfile="BusinessObjectLib/Utilizador.cs" bodystart="73" bodyend="78"/>
      </memberdef>
    </sectiondef>
    <briefdescription>
    </briefdescription>
    <detaileddescription>
    </detaileddescription>
    <inheritancegraph>
      <node id="1">
        <label>BusinessObject.Utilizador</label>
        <link refid="class_business_object_1_1_utilizador"/>
      </node>
      <node id="2">
        <label>BusinessObject.Admin</label>
        <link refid="class_business_object_1_1_admin"/>
        <childnode refid="1" relation="public-inheritance">
        </childnode>
      </node>
      <node id="3">
        <label>BusinessObject.Cliente</label>
        <link refid="class_business_object_1_1_cliente"/>
        <childnode refid="1" relation="public-inheritance">
        </childnode>
      </node>
    </inheritancegraph>
    <location file="BusinessObjectLib/Utilizador.cs" line="9" column="11" bodyfile="BusinessObjectLib/Utilizador.cs" bodystart="10" bodyend="80"/>
    <listofallmembers>
      <member refid="class_business_object_1_1_utilizador_1a907498e51572fbd62e7da12e6db8ffc2" prot="public" virt="non-virtual"><scope>BusinessObject::Utilizador</scope><name>AtualizarContato</name></member>
      <member refid="class_business_object_1_1_utilizador_1a9315f0709c0c7f18b2ee8bc31999e4e5" prot="private" virt="non-virtual"><scope>BusinessObject::Utilizador</scope><name>email</name></member>
      <member refid="class_business_object_1_1_utilizador_1a20dafdcab413bd802723c51bc05ef473" prot="public" virt="non-virtual"><scope>BusinessObject::Utilizador</scope><name>Email</name></member>
      <member refid="class_business_object_1_1_utilizador_1a1459be232c110dd1363e4fd10b139fdc" prot="private" virt="non-virtual"><scope>BusinessObject::Utilizador</scope><name>id</name></member>
      <member refid="class_business_object_1_1_utilizador_1a9840d6e9bf0a3147b9f8b6fd1d830cd1" prot="public" virt="non-virtual"><scope>BusinessObject::Utilizador</scope><name>Id</name></member>
      <member refid="class_business_object_1_1_utilizador_1a6aed02dc50ed13c49bc51aaef06fc103" prot="private" virt="non-virtual"><scope>BusinessObject::Utilizador</scope><name>nome</name></member>
      <member refid="class_business_object_1_1_utilizador_1acb90639c0945c2839417c968bb610e2a" prot="public" virt="non-virtual"><scope>BusinessObject::Utilizador</scope><name>Nome</name></member>
      <member refid="class_business_object_1_1_utilizador_1ab958644afd17d71f86793492789baf1a" prot="private" virt="non-virtual"><scope>BusinessObject::Utilizador</scope><name>nTelemovel</name></member>
      <member refid="class_business_object_1_1_utilizador_1af0b626e983278a95d8e7f043699159da" prot="public" virt="non-virtual"><scope>BusinessObject::Utilizador</scope><name>NTelemovel</name></member>
      <member refid="class_business_object_1_1_utilizador_1a63a595b50ac148bfa33362a0113a8858" prot="public" virt="non-virtual"><scope>BusinessObject::Utilizador</scope><name>Utilizador</name></member>
    </listofallmembers>
  </compounddef>
</doxygen>
