<?xml version='1.0' encoding='UTF-8' standalone='no'?>
<doxygen xmlns:xsi="http://www.w3.org/2001/XMLSchema-instance" xsi:noNamespaceSchemaLocation="compound.xsd" version="1.10.0" xml:lang="en-US">
  <compounddef id="class_listas_lib_1_1_categorias" kind="class" language="C#" prot="public">
    <compoundname>ListasLib::Categorias</compoundname>
    <sectiondef kind="private-static-attrib">
      <memberdef kind="variable" id="class_listas_lib_1_1_categorias_1a38f128f4295c45dcf39bfe550e5373c6" prot="private" static="yes" mutable="no">
        <type>List&lt; <ref refid="class_business_object_1_1_categoria" kindref="compound">Categoria</ref> &gt;</type>
        <definition>List&lt;Categoria&gt; ListasLib.Categorias.listaCategorias</definition>
        <argsstring></argsstring>
        <name>listaCategorias</name>
        <qualifiedname>ListasLib.Categorias.listaCategorias</qualifiedname>
        <briefdescription>
<para>Lista de categorias no sistema. </para>
        </briefdescription>
        <detaileddescription>
        </detaileddescription>
        <inbodydescription>
        </inbodydescription>
        <location file="ListasLib/Categorias.cs" line="20" column="29" bodyfile="ListasLib/Categorias.cs" bodystart="20" bodyend="-1"/>
      </memberdef>
    </sectiondef>
    <sectiondef kind="private-static-func">
      <memberdef kind="function" id="class_listas_lib_1_1_categorias_1a42b0da3decd1a47b2626376f07692a56" prot="private" static="yes" const="no" explicit="no" inline="yes" virt="non-virtual">
        <type>static</type>
        <definition>static ListasLib.Categorias.Categorias</definition>
        <argsstring>()</argsstring>
        <name>Categorias</name>
        <qualifiedname>ListasLib.Categorias.Categorias</qualifiedname>
        <briefdescription>
<para>Construtor que inicializa a lista de categorias. </para>
        </briefdescription>
        <detaileddescription>
        </detaileddescription>
        <inbodydescription>
        </inbodydescription>
        <location file="ListasLib/Categorias.cs" line="27" column="17" bodyfile="ListasLib/Categorias.cs" bodystart="27" bodyend="30"/>
      </memberdef>
    </sectiondef>
    <sectiondef kind="public-static-func">
      <memberdef kind="function" id="class_listas_lib_1_1_categorias_1af4fcfad7af0aadaaf3b4e4caaef901e9" prot="public" static="yes" const="no" explicit="no" inline="yes" virt="non-virtual">
        <type>bool</type>
        <definition>static bool ListasLib.Categorias.AdicionarCategoria</definition>
        <argsstring>(Categoria categoria)</argsstring>
        <name>AdicionarCategoria</name>
        <qualifiedname>ListasLib.Categorias.AdicionarCategoria</qualifiedname>
        <param>
          <type><ref refid="class_business_object_1_1_categoria" kindref="compound">Categoria</ref></type>
          <declname>categoria</declname>
        </param>
        <briefdescription>
<para>Adiciona uma nova categoria à lista. </para>
        </briefdescription>
        <detaileddescription>
<para><parameterlist kind="param"><parameteritem>
<parameternamelist>
<parametername>categoria</parametername>
</parameternamelist>
<parameterdescription>
<para>Objeto do tipo Categoria a ser adicionado.</para>
</parameterdescription>
</parameteritem>
</parameterlist>
</para>
        </detaileddescription>
        <inbodydescription>
        </inbodydescription>
        <location file="ListasLib/Categorias.cs" line="38" column="28" bodyfile="ListasLib/Categorias.cs" bodystart="38" bodyend="50"/>
      </memberdef>
      <memberdef kind="function" id="class_listas_lib_1_1_categorias_1ab60e3410643a66a5bad37aea71a7d9ca" prot="public" static="yes" const="no" explicit="no" inline="yes" virt="non-virtual">
        <type>bool</type>
        <definition>static bool ListasLib.Categorias.RemoverCategoria</definition>
        <argsstring>(int id)</argsstring>
        <name>RemoverCategoria</name>
        <qualifiedname>ListasLib.Categorias.RemoverCategoria</qualifiedname>
        <param>
          <type>int</type>
          <declname>id</declname>
        </param>
        <briefdescription>
<para>Remove uma categoria da lista com base no ID. </para>
        </briefdescription>
        <detaileddescription>
<para><parameterlist kind="param"><parameteritem>
<parameternamelist>
<parametername>id</parametername>
</parameternamelist>
<parameterdescription>
<para>ID da categoria a ser removida.</para>
</parameterdescription>
</parameteritem>
</parameterlist>
</para>
        </detaileddescription>
        <inbodydescription>
        </inbodydescription>
        <location file="ListasLib/Categorias.cs" line="56" column="30" bodyfile="ListasLib/Categorias.cs" bodystart="56" bodyend="68"/>
      </memberdef>
      <memberdef kind="function" id="class_listas_lib_1_1_categorias_1a640e7d7d67124423e3009e1309fef8df" prot="public" static="yes" const="no" explicit="no" inline="yes" virt="non-virtual">
        <type>bool</type>
        <definition>static bool ListasLib.Categorias.Existe</definition>
        <argsstring>(int id)</argsstring>
        <name>Existe</name>
        <qualifiedname>ListasLib.Categorias.Existe</qualifiedname>
        <param>
          <type>int</type>
          <declname>id</declname>
        </param>
        <briefdescription>
<para>Verifica se uma categoria existe na lista pelo ID. </para>
        </briefdescription>
        <detaileddescription>
<para><parameterlist kind="param"><parameteritem>
<parameternamelist>
<parametername>id</parametername>
</parameternamelist>
<parameterdescription>
<para>ID da categoria.</para>
</parameterdescription>
</parameteritem>
</parameterlist>
<simplesect kind="return"><para>Verdadeiro se a categoria existir; falso caso contrário.</para>
</simplesect>
</para>
        </detaileddescription>
        <inbodydescription>
        </inbodydescription>
        <location file="ListasLib/Categorias.cs" line="75" column="28" bodyfile="ListasLib/Categorias.cs" bodystart="75" bodyend="87"/>
      </memberdef>
      <memberdef kind="function" id="class_listas_lib_1_1_categorias_1a63b35363dc33a91c98fe56c43996a18c" prot="public" static="yes" const="no" explicit="no" inline="yes" virt="non-virtual">
        <type>void</type>
        <definition>static void ListasLib.Categorias.GuardarParaFicheiro</definition>
        <argsstring>(string cdFile)</argsstring>
        <name>GuardarParaFicheiro</name>
        <qualifiedname>ListasLib.Categorias.GuardarParaFicheiro</qualifiedname>
        <param>
          <type>string</type>
          <declname>cdFile</declname>
        </param>
        <briefdescription>
<para>Guardar a lista de categorias em um ficheiro. </para>
        </briefdescription>
        <detaileddescription>
<para><parameterlist kind="param"><parameteritem>
<parameternamelist>
<parametername>cdFile</parametername>
</parameternamelist>
<parameterdescription>
<para>Caminho do ficheiro onde os dados serão guardados.</para>
</parameterdescription>
</parameteritem>
</parameterlist>
</para>
        </detaileddescription>
        <inbodydescription>
        </inbodydescription>
        <location file="ListasLib/Categorias.cs" line="93" column="28" bodyfile="ListasLib/Categorias.cs" bodystart="93" bodyend="103"/>
      </memberdef>
      <memberdef kind="function" id="class_listas_lib_1_1_categorias_1ab83c4bc66c98b829531047556ecd1ce8" prot="public" static="yes" const="no" explicit="no" inline="yes" virt="non-virtual">
        <type>void</type>
        <definition>static void ListasLib.Categorias.CarregarDeFicheiro</definition>
        <argsstring>(string cdFile)</argsstring>
        <name>CarregarDeFicheiro</name>
        <qualifiedname>ListasLib.Categorias.CarregarDeFicheiro</qualifiedname>
        <param>
          <type>string</type>
          <declname>cdFile</declname>
        </param>
        <briefdescription>
<para>Carrega a lista de categorias de um ficheiro. </para>
        </briefdescription>
        <detaileddescription>
<para><parameterlist kind="param"><parameteritem>
<parameternamelist>
<parametername>cdFile</parametername>
</parameternamelist>
<parameterdescription>
<para>Caminho do ficheiro a ser carregado.</para>
</parameterdescription>
</parameteritem>
</parameterlist>
</para>
        </detaileddescription>
        <inbodydescription>
        </inbodydescription>
        <location file="ListasLib/Categorias.cs" line="109" column="28" bodyfile="ListasLib/Categorias.cs" bodystart="109" bodyend="119"/>
      </memberdef>
    </sectiondef>
    <briefdescription>
    </briefdescription>
    <detaileddescription>
    </detaileddescription>
    <location file="ListasLib/Categorias.cs" line="14" column="19" bodyfile="ListasLib/Categorias.cs" bodystart="15" bodyend="121"/>
    <listofallmembers>
      <member refid="class_listas_lib_1_1_categorias_1af4fcfad7af0aadaaf3b4e4caaef901e9" prot="public" virt="non-virtual"><scope>ListasLib::Categorias</scope><name>AdicionarCategoria</name></member>
      <member refid="class_listas_lib_1_1_categorias_1ab83c4bc66c98b829531047556ecd1ce8" prot="public" virt="non-virtual"><scope>ListasLib::Categorias</scope><name>CarregarDeFicheiro</name></member>
      <member refid="class_listas_lib_1_1_categorias_1a42b0da3decd1a47b2626376f07692a56" prot="private" virt="non-virtual"><scope>ListasLib::Categorias</scope><name>Categorias</name></member>
      <member refid="class_listas_lib_1_1_categorias_1a640e7d7d67124423e3009e1309fef8df" prot="public" virt="non-virtual"><scope>ListasLib::Categorias</scope><name>Existe</name></member>
      <member refid="class_listas_lib_1_1_categorias_1a63b35363dc33a91c98fe56c43996a18c" prot="public" virt="non-virtual"><scope>ListasLib::Categorias</scope><name>GuardarParaFicheiro</name></member>
      <member refid="class_listas_lib_1_1_categorias_1a38f128f4295c45dcf39bfe550e5373c6" prot="private" virt="non-virtual"><scope>ListasLib::Categorias</scope><name>listaCategorias</name></member>
      <member refid="class_listas_lib_1_1_categorias_1ab60e3410643a66a5bad37aea71a7d9ca" prot="public" virt="non-virtual"><scope>ListasLib::Categorias</scope><name>RemoverCategoria</name></member>
    </listofallmembers>
  </compounddef>
</doxygen>
