<?xml version='1.0' encoding='UTF-8' standalone='no'?>
<doxygen xmlns:xsi="http://www.w3.org/2001/XMLSchema-instance" xsi:noNamespaceSchemaLocation="compound.xsd" version="1.10.0" xml:lang="en-US">
  <compounddef id="class_excecoes_lib_1_1_preco_invalido" kind="class" language="C#" prot="public">
    <compoundname>ExcecoesLib::PrecoInvalido</compoundname>
    <basecompoundref prot="public" virt="non-virtual">ApplicationException</basecompoundref>
    <sectiondef kind="public-func">
      <memberdef kind="function" id="class_excecoes_lib_1_1_preco_invalido_1a56d7120a1ed36a4c55f18652168baae9" prot="public" static="no" const="no" explicit="no" inline="yes" virt="non-virtual">
        <type></type>
        <definition>ExcecoesLib.PrecoInvalido.PrecoInvalido</definition>
        <argsstring>()</argsstring>
        <name>PrecoInvalido</name>
        <qualifiedname>ExcecoesLib.PrecoInvalido.PrecoInvalido</qualifiedname>
        <briefdescription>
<para>Construtor sem parâmetros, com uma mensagem padrão. </para>
        </briefdescription>
        <detaileddescription>
        </detaileddescription>
        <inbodydescription>
        </inbodydescription>
        <location file="ExcecoesLib/PrecoInvalido.cs" line="17" column="16" bodyfile="ExcecoesLib/PrecoInvalido.cs" bodystart="17" bodyend="17"/>
      </memberdef>
      <memberdef kind="function" id="class_excecoes_lib_1_1_preco_invalido_1a8df71bfd0c4b98cf44da716702a50e57" prot="public" static="no" const="no" explicit="no" inline="yes" virt="non-virtual">
        <type></type>
        <definition>ExcecoesLib.PrecoInvalido.PrecoInvalido</definition>
        <argsstring>(string mensagem)</argsstring>
        <name>PrecoInvalido</name>
        <qualifiedname>ExcecoesLib.PrecoInvalido.PrecoInvalido</qualifiedname>
        <param>
          <type>string</type>
          <declname>mensagem</declname>
        </param>
        <briefdescription>
<para>Construtor que permite passar uma mensagem personalizada. </para>
        </briefdescription>
        <detaileddescription>
<para><parameterlist kind="param"><parameteritem>
<parameternamelist>
<parametername>mensagem</parametername>
</parameternamelist>
<parameterdescription>
</parameterdescription>
</parameteritem>
</parameterlist>
</para>
        </detaileddescription>
        <inbodydescription>
        </inbodydescription>
        <location file="ExcecoesLib/PrecoInvalido.cs" line="23" column="16" bodyfile="ExcecoesLib/PrecoInvalido.cs" bodystart="23" bodyend="23"/>
      </memberdef>
      <memberdef kind="function" id="class_excecoes_lib_1_1_preco_invalido_1a048b64190dfcb8e71ece6c2b7a9ff485" prot="public" static="no" const="no" explicit="no" inline="yes" virt="non-virtual">
        <type></type>
        <definition>ExcecoesLib.PrecoInvalido.PrecoInvalido</definition>
        <argsstring>(string mensagem, Exception inner)</argsstring>
        <name>PrecoInvalido</name>
        <qualifiedname>ExcecoesLib.PrecoInvalido.PrecoInvalido</qualifiedname>
        <param>
          <type>string</type>
          <declname>mensagem</declname>
        </param>
        <param>
          <type>Exception</type>
          <declname>inner</declname>
        </param>
        <briefdescription>
<para>Construtor que permite passar uma mensagem personalizada e uma exceção interna. </para>
        </briefdescription>
        <detaileddescription>
<para><parameterlist kind="param"><parameteritem>
<parameternamelist>
<parametername>mensagem</parametername>
</parameternamelist>
<parameterdescription>
</parameterdescription>
</parameteritem>
<parameteritem>
<parameternamelist>
<parametername>inner</parametername>
</parameternamelist>
<parameterdescription>
</parameterdescription>
</parameteritem>
</parameterlist>
</para>
        </detaileddescription>
        <inbodydescription>
        </inbodydescription>
        <location file="ExcecoesLib/PrecoInvalido.cs" line="30" column="16" bodyfile="ExcecoesLib/PrecoInvalido.cs" bodystart="30" bodyend="30"/>
      </memberdef>
    </sectiondef>
    <briefdescription>
<para>Exceção para preços inválidos. </para>
    </briefdescription>
    <detaileddescription>
    </detaileddescription>
    <inheritancegraph>
      <node id="2">
        <label>ApplicationException</label>
      </node>
      <node id="1">
        <label>ExcecoesLib.PrecoInvalido</label>
        <link refid="class_excecoes_lib_1_1_preco_invalido"/>
        <childnode refid="2" relation="public-inheritance">
        </childnode>
      </node>
    </inheritancegraph>
    <collaborationgraph>
      <node id="2">
        <label>ApplicationException</label>
      </node>
      <node id="1">
        <label>ExcecoesLib.PrecoInvalido</label>
        <link refid="class_excecoes_lib_1_1_preco_invalido"/>
        <childnode refid="2" relation="public-inheritance">
        </childnode>
      </node>
    </collaborationgraph>
    <location file="ExcecoesLib/PrecoInvalido.cs" line="12" column="11" bodyfile="ExcecoesLib/PrecoInvalido.cs" bodystart="13" bodyend="31"/>
    <listofallmembers>
      <member refid="class_excecoes_lib_1_1_preco_invalido_1a56d7120a1ed36a4c55f18652168baae9" prot="public" virt="non-virtual"><scope>ExcecoesLib::PrecoInvalido</scope><name>PrecoInvalido</name></member>
      <member refid="class_excecoes_lib_1_1_preco_invalido_1a8df71bfd0c4b98cf44da716702a50e57" prot="public" virt="non-virtual"><scope>ExcecoesLib::PrecoInvalido</scope><name>PrecoInvalido</name></member>
      <member refid="class_excecoes_lib_1_1_preco_invalido_1a048b64190dfcb8e71ece6c2b7a9ff485" prot="public" virt="non-virtual"><scope>ExcecoesLib::PrecoInvalido</scope><name>PrecoInvalido</name></member>
    </listofallmembers>
  </compounddef>
</doxygen>
