<?xml version='1.0' encoding='UTF-8' standalone='no'?>
<doxygen xmlns:xsi="http://www.w3.org/2001/XMLSchema-instance" xsi:noNamespaceSchemaLocation="compound.xsd" version="1.10.0" xml:lang="en-US">
  <compounddef id="class_regras_lib_1_1_regra_produto" kind="class" language="C#" prot="public">
    <compoundname>RegrasLib::RegraProduto</compoundname>
    <sectiondef kind="public-static-func">
      <memberdef kind="function" id="class_regras_lib_1_1_regra_produto_1a7edde96aa4bafa28e6af886846376cf7" prot="public" static="yes" const="no" explicit="no" inline="yes" virt="non-virtual">
        <type>bool</type>
        <definition>static bool RegrasLib.RegraProduto.ValidarPrecoPositivo</definition>
        <argsstring>(Produto produto)</argsstring>
        <name>ValidarPrecoPositivo</name>
        <qualifiedname>RegrasLib.RegraProduto.ValidarPrecoPositivo</qualifiedname>
        <param>
          <type><ref refid="class_business_object_1_1_produto" kindref="compound">Produto</ref></type>
          <declname>produto</declname>
        </param>
        <briefdescription>
<para>Valida se o preço de um produto é positivo. </para>
        </briefdescription>
        <detaileddescription>
<para><parameterlist kind="param"><parameteritem>
<parameternamelist>
<parametername>produto</parametername>
</parameternamelist>
<parameterdescription>
</parameterdescription>
</parameteritem>
</parameterlist>
<simplesect kind="return"><para></para>
</simplesect>
</para>
        </detaileddescription>
        <inbodydescription>
        </inbodydescription>
        <location file="RegrasLib/RegraProduto.cs" line="25" column="28" bodyfile="RegrasLib/RegraProduto.cs" bodystart="25" bodyend="28"/>
      </memberdef>
      <memberdef kind="function" id="class_regras_lib_1_1_regra_produto_1ad6640d6435c7125f9732ada5c37bed4d" prot="public" static="yes" const="no" explicit="no" inline="yes" virt="non-virtual">
        <type>bool</type>
        <definition>static bool RegrasLib.RegraProduto.ValidarStock</definition>
        <argsstring>(Produto produto, int quantidade)</argsstring>
        <name>ValidarStock</name>
        <qualifiedname>RegrasLib.RegraProduto.ValidarStock</qualifiedname>
        <param>
          <type><ref refid="class_business_object_1_1_produto" kindref="compound">Produto</ref></type>
          <declname>produto</declname>
        </param>
        <param>
          <type>int</type>
          <declname>quantidade</declname>
        </param>
        <briefdescription>
<para>Valida se há Stock suficiente de um produto para uma quantidade solicitada. </para>
        </briefdescription>
        <detaileddescription>
<para><parameterlist kind="param"><parameteritem>
<parameternamelist>
<parametername>produto</parametername>
</parameternamelist>
<parameterdescription>
</parameterdescription>
</parameteritem>
<parameteritem>
<parameternamelist>
<parametername>quantidade</parametername>
</parameternamelist>
<parameterdescription>
</parameterdescription>
</parameteritem>
</parameterlist>
<simplesect kind="return"><para></para>
</simplesect>
</para>
        </detaileddescription>
        <inbodydescription>
        </inbodydescription>
        <location file="RegrasLib/RegraProduto.cs" line="36" column="28" bodyfile="RegrasLib/RegraProduto.cs" bodystart="36" bodyend="39"/>
      </memberdef>
    </sectiondef>
    <briefdescription>
<para>Classe que contém as regras de validação para os produtos. </para>
    </briefdescription>
    <detaileddescription>
    </detaileddescription>
    <location file="RegrasLib/RegraProduto.cs" line="18" column="11" bodyfile="RegrasLib/RegraProduto.cs" bodystart="19" bodyend="40"/>
    <listofallmembers>
      <member refid="class_regras_lib_1_1_regra_produto_1a7edde96aa4bafa28e6af886846376cf7" prot="public" virt="non-virtual"><scope>RegrasLib::RegraProduto</scope><name>ValidarPrecoPositivo</name></member>
      <member refid="class_regras_lib_1_1_regra_produto_1ad6640d6435c7125f9732ada5c37bed4d" prot="public" virt="non-virtual"><scope>RegrasLib::RegraProduto</scope><name>ValidarStock</name></member>
    </listofallmembers>
  </compounddef>
</doxygen>
