<?xml version='1.0' encoding='UTF-8' standalone='no'?>
<doxygen xmlns:xsi="http://www.w3.org/2001/XMLSchema-instance" xsi:noNamespaceSchemaLocation="compound.xsd" version="1.10.0" xml:lang="en-US">
  <compounddef id="class_excecoes_lib_1_1_stock_insuficiente" kind="class" language="C#" prot="public">
    <compoundname>ExcecoesLib::StockInsuficiente</compoundname>
    <basecompoundref prot="public" virt="non-virtual">ApplicationException</basecompoundref>
    <sectiondef kind="public-func">
      <memberdef kind="function" id="class_excecoes_lib_1_1_stock_insuficiente_1ad1fb0eb839ff786562888021d616f836" prot="public" static="no" const="no" explicit="no" inline="yes" virt="non-virtual">
        <type></type>
        <definition>ExcecoesLib.StockInsuficiente.StockInsuficiente</definition>
        <argsstring>()</argsstring>
        <name>StockInsuficiente</name>
        <qualifiedname>ExcecoesLib.StockInsuficiente.StockInsuficiente</qualifiedname>
        <briefdescription>
<para>Construtor sem parâmetros, com uma mensagem padrão. </para>
        </briefdescription>
        <detaileddescription>
        </detaileddescription>
        <inbodydescription>
        </inbodydescription>
        <location file="ExcecoesLib/StockInsuficiente.cs" line="17" column="16" bodyfile="ExcecoesLib/StockInsuficiente.cs" bodystart="17" bodyend="17"/>
      </memberdef>
      <memberdef kind="function" id="class_excecoes_lib_1_1_stock_insuficiente_1ac3ef6af05e3e1d78faf68c62f3fb853b" prot="public" static="no" const="no" explicit="no" inline="yes" virt="non-virtual">
        <type></type>
        <definition>ExcecoesLib.StockInsuficiente.StockInsuficiente</definition>
        <argsstring>(string mensagem)</argsstring>
        <name>StockInsuficiente</name>
        <qualifiedname>ExcecoesLib.StockInsuficiente.StockInsuficiente</qualifiedname>
        <param>
          <type>string</type>
          <declname>mensagem</declname>
        </param>
        <briefdescription>
<para>Construtor que permite passar uma mensagem personalizada. </para>
        </briefdescription>
        <detaileddescription>
<para><parameterlist kind="param"><parameteritem>
<parameternamelist>
<parametername>mensagem</parametername>
</parameternamelist>
<parameterdescription>
</parameterdescription>
</parameteritem>
</parameterlist>
</para>
        </detaileddescription>
        <inbodydescription>
        </inbodydescription>
        <location file="ExcecoesLib/StockInsuficiente.cs" line="23" column="16" bodyfile="ExcecoesLib/StockInsuficiente.cs" bodystart="23" bodyend="23"/>
      </memberdef>
      <memberdef kind="function" id="class_excecoes_lib_1_1_stock_insuficiente_1a1d95ef521c91f8a417ea0b35ae65109c" prot="public" static="no" const="no" explicit="no" inline="yes" virt="non-virtual">
        <type></type>
        <definition>ExcecoesLib.StockInsuficiente.StockInsuficiente</definition>
        <argsstring>(string mensagem, Exception inner)</argsstring>
        <name>StockInsuficiente</name>
        <qualifiedname>ExcecoesLib.StockInsuficiente.StockInsuficiente</qualifiedname>
        <param>
          <type>string</type>
          <declname>mensagem</declname>
        </param>
        <param>
          <type>Exception</type>
          <declname>inner</declname>
        </param>
        <briefdescription>
<para>Construtor que permite passar uma mensagem personalizada e uma exceção interna. </para>
        </briefdescription>
        <detaileddescription>
<para><parameterlist kind="param"><parameteritem>
<parameternamelist>
<parametername>mensagem</parametername>
</parameternamelist>
<parameterdescription>
</parameterdescription>
</parameteritem>
<parameteritem>
<parameternamelist>
<parametername>inner</parametername>
</parameternamelist>
<parameterdescription>
</parameterdescription>
</parameteritem>
</parameterlist>
</para>
        </detaileddescription>
        <inbodydescription>
        </inbodydescription>
        <location file="ExcecoesLib/StockInsuficiente.cs" line="30" column="16" bodyfile="ExcecoesLib/StockInsuficiente.cs" bodystart="30" bodyend="30"/>
      </memberdef>
    </sectiondef>
    <briefdescription>
<para>Exceção para quando um produto não tiver stock suficiente. </para>
    </briefdescription>
    <detaileddescription>
    </detaileddescription>
    <inheritancegraph>
      <node id="2">
        <label>ApplicationException</label>
      </node>
      <node id="1">
        <label>ExcecoesLib.StockInsuficiente</label>
        <link refid="class_excecoes_lib_1_1_stock_insuficiente"/>
        <childnode refid="2" relation="public-inheritance">
        </childnode>
      </node>
    </inheritancegraph>
    <collaborationgraph>
      <node id="2">
        <label>ApplicationException</label>
      </node>
      <node id="1">
        <label>ExcecoesLib.StockInsuficiente</label>
        <link refid="class_excecoes_lib_1_1_stock_insuficiente"/>
        <childnode refid="2" relation="public-inheritance">
        </childnode>
      </node>
    </collaborationgraph>
    <location file="ExcecoesLib/StockInsuficiente.cs" line="12" column="11" bodyfile="ExcecoesLib/StockInsuficiente.cs" bodystart="13" bodyend="33"/>
    <listofallmembers>
      <member refid="class_excecoes_lib_1_1_stock_insuficiente_1ad1fb0eb839ff786562888021d616f836" prot="public" virt="non-virtual"><scope>ExcecoesLib::StockInsuficiente</scope><name>StockInsuficiente</name></member>
      <member refid="class_excecoes_lib_1_1_stock_insuficiente_1ac3ef6af05e3e1d78faf68c62f3fb853b" prot="public" virt="non-virtual"><scope>ExcecoesLib::StockInsuficiente</scope><name>StockInsuficiente</name></member>
      <member refid="class_excecoes_lib_1_1_stock_insuficiente_1a1d95ef521c91f8a417ea0b35ae65109c" prot="public" virt="non-virtual"><scope>ExcecoesLib::StockInsuficiente</scope><name>StockInsuficiente</name></member>
    </listofallmembers>
  </compounddef>
</doxygen>
