<?xml version='1.0' encoding='UTF-8' standalone='no'?>
<doxygen xmlns:xsi="http://www.w3.org/2001/XMLSchema-instance" xsi:noNamespaceSchemaLocation="compound.xsd" version="1.10.0" xml:lang="en-US">
  <compounddef id="class__27975___projeto_p_o_o___comercio_1_1_cliente" kind="class" language="C#" prot="package">
    <compoundname>_27975_ProjetoPOO_Comercio::Cliente</compoundname>
    <basecompoundref prot="public" virt="non-virtual">_27975_ProjetoPOO_Comercio.Utilizador</basecompoundref>
    <sectiondef kind="private-attrib">
      <memberdef kind="variable" id="class__27975___projeto_p_o_o___comercio_1_1_cliente_1a6ebb05a98e3d6ed8644b2cd4e483de1f" prot="private" static="no" mutable="no">
        <type>int</type>
        <definition>int _27975_ProjetoPOO_Comercio.Cliente.idCliente</definition>
        <argsstring></argsstring>
        <name>idCliente</name>
        <qualifiedname>_27975_ProjetoPOO_Comercio.Cliente.idCliente</qualifiedname>
        <briefdescription>
<para>Representa um produto no sistema de comércio eletrônico. </para>
        </briefdescription>
        <detaileddescription>
        </detaileddescription>
        <inbodydescription>
        </inbodydescription>
        <location file="Cliente.cs" line="18" column="13" bodyfile="Cliente.cs" bodystart="18" bodyend="-1"/>
      </memberdef>
      <memberdef kind="variable" id="class__27975___projeto_p_o_o___comercio_1_1_cliente_1ab8513390be2f7f6a44f9b823aaae003e" prot="private" static="no" mutable="no">
        <type>string</type>
        <definition>string _27975_ProjetoPOO_Comercio.Cliente.nome</definition>
        <argsstring></argsstring>
        <name>nome</name>
        <qualifiedname>_27975_ProjetoPOO_Comercio.Cliente.nome</qualifiedname>
        <briefdescription>
        </briefdescription>
        <detaileddescription>
        </detaileddescription>
        <inbodydescription>
        </inbodydescription>
        <location file="Cliente.cs" line="19" column="16" bodyfile="Cliente.cs" bodystart="19" bodyend="-1"/>
      </memberdef>
      <memberdef kind="variable" id="class__27975___projeto_p_o_o___comercio_1_1_cliente_1aac8004cfc8e39ec032118bf13e06e5ab" prot="private" static="no" mutable="no">
        <type>string</type>
        <definition>string _27975_ProjetoPOO_Comercio.Cliente.email</definition>
        <argsstring></argsstring>
        <name>email</name>
        <qualifiedname>_27975_ProjetoPOO_Comercio.Cliente.email</qualifiedname>
        <briefdescription>
        </briefdescription>
        <detaileddescription>
        </detaileddescription>
        <inbodydescription>
        </inbodydescription>
        <location file="Cliente.cs" line="20" column="16" bodyfile="Cliente.cs" bodystart="20" bodyend="-1"/>
      </memberdef>
      <memberdef kind="variable" id="class__27975___projeto_p_o_o___comercio_1_1_cliente_1a44dfb6c2808e92aacd75e9d929815cc0" prot="private" static="no" mutable="no">
        <type>string</type>
        <definition>string _27975_ProjetoPOO_Comercio.Cliente.nTelemovel</definition>
        <argsstring></argsstring>
        <name>nTelemovel</name>
        <qualifiedname>_27975_ProjetoPOO_Comercio.Cliente.nTelemovel</qualifiedname>
        <briefdescription>
        </briefdescription>
        <detaileddescription>
        </detaileddescription>
        <inbodydescription>
        </inbodydescription>
        <location file="Cliente.cs" line="21" column="16" bodyfile="Cliente.cs" bodystart="21" bodyend="-1"/>
      </memberdef>
      <memberdef kind="variable" id="class__27975___projeto_p_o_o___comercio_1_1_cliente_1ae998922d5a366c695d60caaaf76cad71" prot="private" static="no" mutable="no">
        <type>string</type>
        <definition>string _27975_ProjetoPOO_Comercio.Cliente.nContribuinte</definition>
        <argsstring></argsstring>
        <name>nContribuinte</name>
        <qualifiedname>_27975_ProjetoPOO_Comercio.Cliente.nContribuinte</qualifiedname>
        <briefdescription>
        </briefdescription>
        <detaileddescription>
        </detaileddescription>
        <inbodydescription>
        </inbodydescription>
        <location file="Cliente.cs" line="22" column="16" bodyfile="Cliente.cs" bodystart="22" bodyend="-1"/>
      </memberdef>
      <memberdef kind="variable" id="class__27975___projeto_p_o_o___comercio_1_1_cliente_1ae376d3192d00e9c2f7e6b79b738f9042" prot="private" static="no" mutable="no">
        <type>string</type>
        <definition>string _27975_ProjetoPOO_Comercio.Cliente.endereco</definition>
        <argsstring></argsstring>
        <name>endereco</name>
        <qualifiedname>_27975_ProjetoPOO_Comercio.Cliente.endereco</qualifiedname>
        <briefdescription>
        </briefdescription>
        <detaileddescription>
        </detaileddescription>
        <inbodydescription>
        </inbodydescription>
        <location file="Cliente.cs" line="23" column="16" bodyfile="Cliente.cs" bodystart="23" bodyend="-1"/>
      </memberdef>
    </sectiondef>
    <sectiondef kind="property">
      <memberdef kind="property" id="class__27975___projeto_p_o_o___comercio_1_1_cliente_1a42fce25cb417e92428753c29a2fb33e5" prot="public" static="no" readable="no" writable="no" gettable="yes" privategettable="no" protectedgettable="no" settable="yes" privatesettable="no" protectedsettable="no">
        <type>int</type>
        <definition>int _27975_ProjetoPOO_Comercio.Cliente.Id</definition>
        <argsstring></argsstring>
        <name>Id</name>
        <qualifiedname>_27975_ProjetoPOO_Comercio.Cliente.Id</qualifiedname>
        <briefdescription>
<para>Região que agrupa as propriedades (getters e setters) da classe. </para>
        </briefdescription>
        <detaileddescription>
        </detaileddescription>
        <inbodydescription>
        </inbodydescription>
        <location file="Cliente.cs" line="51" column="20" bodyfile="Cliente.cs" bodystart="52" bodyend="55"/>
      </memberdef>
      <memberdef kind="property" id="class__27975___projeto_p_o_o___comercio_1_1_cliente_1a6b3448b702513d4c5c8c7f2591dfd16b" prot="public" static="no" readable="no" writable="no" gettable="yes" privategettable="no" protectedgettable="no" settable="yes" privatesettable="no" protectedsettable="no">
        <type>string</type>
        <definition>string _27975_ProjetoPOO_Comercio.Cliente.Nome</definition>
        <argsstring></argsstring>
        <name>Nome</name>
        <qualifiedname>_27975_ProjetoPOO_Comercio.Cliente.Nome</qualifiedname>
        <briefdescription>
        </briefdescription>
        <detaileddescription>
        </detaileddescription>
        <inbodydescription>
        </inbodydescription>
        <location file="Cliente.cs" line="56" column="23" bodyfile="Cliente.cs" bodystart="57" bodyend="60"/>
      </memberdef>
      <memberdef kind="property" id="class__27975___projeto_p_o_o___comercio_1_1_cliente_1a8c6f0b94fed953cb76cb559b5fb210ff" prot="public" static="no" readable="no" writable="no" gettable="yes" privategettable="no" protectedgettable="no" settable="yes" privatesettable="no" protectedsettable="no">
        <type>string</type>
        <definition>string _27975_ProjetoPOO_Comercio.Cliente.Email</definition>
        <argsstring></argsstring>
        <name>Email</name>
        <qualifiedname>_27975_ProjetoPOO_Comercio.Cliente.Email</qualifiedname>
        <briefdescription>
        </briefdescription>
        <detaileddescription>
        </detaileddescription>
        <inbodydescription>
        </inbodydescription>
        <location file="Cliente.cs" line="61" column="23" bodyfile="Cliente.cs" bodystart="62" bodyend="65"/>
      </memberdef>
      <memberdef kind="property" id="class__27975___projeto_p_o_o___comercio_1_1_cliente_1a6b63d78b286c7bc33ad7d6d31bd0b4eb" prot="public" static="no" readable="no" writable="no" gettable="yes" privategettable="no" protectedgettable="no" settable="yes" privatesettable="no" protectedsettable="no">
        <type>string</type>
        <definition>string _27975_ProjetoPOO_Comercio.Cliente.NTelemovel</definition>
        <argsstring></argsstring>
        <name>NTelemovel</name>
        <qualifiedname>_27975_ProjetoPOO_Comercio.Cliente.NTelemovel</qualifiedname>
        <briefdescription>
        </briefdescription>
        <detaileddescription>
        </detaileddescription>
        <inbodydescription>
        </inbodydescription>
        <location file="Cliente.cs" line="66" column="23" bodyfile="Cliente.cs" bodystart="67" bodyend="70"/>
      </memberdef>
      <memberdef kind="property" id="class__27975___projeto_p_o_o___comercio_1_1_cliente_1a7b02f26f605536144332d9c69aa7c31e" prot="public" static="no" readable="no" writable="no" gettable="yes" privategettable="no" protectedgettable="no" settable="yes" privatesettable="no" protectedsettable="no">
        <type>string</type>
        <definition>string _27975_ProjetoPOO_Comercio.Cliente.NContribuinte</definition>
        <argsstring></argsstring>
        <name>NContribuinte</name>
        <qualifiedname>_27975_ProjetoPOO_Comercio.Cliente.NContribuinte</qualifiedname>
        <briefdescription>
        </briefdescription>
        <detaileddescription>
        </detaileddescription>
        <inbodydescription>
        </inbodydescription>
        <location file="Cliente.cs" line="72" column="23" bodyfile="Cliente.cs" bodystart="73" bodyend="76"/>
      </memberdef>
      <memberdef kind="property" id="class__27975___projeto_p_o_o___comercio_1_1_cliente_1aaf1b6ee36adcb603e57fd53a107482dc" prot="public" static="no" readable="no" writable="no" gettable="yes" privategettable="no" protectedgettable="no" settable="yes" privatesettable="no" protectedsettable="no">
        <type>string</type>
        <definition>string _27975_ProjetoPOO_Comercio.Cliente.Endereco</definition>
        <argsstring></argsstring>
        <name>Endereco</name>
        <qualifiedname>_27975_ProjetoPOO_Comercio.Cliente.Endereco</qualifiedname>
        <briefdescription>
        </briefdescription>
        <detaileddescription>
        </detaileddescription>
        <inbodydescription>
        </inbodydescription>
        <location file="Cliente.cs" line="79" column="23" bodyfile="Cliente.cs" bodystart="79" bodyend="82"/>
      </memberdef>
    </sectiondef>
    <sectiondef kind="public-func">
      <memberdef kind="function" id="class__27975___projeto_p_o_o___comercio_1_1_cliente_1aa650f07557d185586cf6867b0deb78a8" prot="public" static="no" const="no" explicit="no" inline="yes" virt="non-virtual">
        <type></type>
        <definition>_27975_ProjetoPOO_Comercio.Cliente.Cliente</definition>
        <argsstring>(int idCliente, string nome, string email, string nTelemovel, string nContribuinte)</argsstring>
        <name>Cliente</name>
        <qualifiedname>_27975_ProjetoPOO_Comercio.Cliente.Cliente</qualifiedname>
        <param>
          <type>int</type>
          <declname>idCliente</declname>
        </param>
        <param>
          <type>string</type>
          <declname>nome</declname>
        </param>
        <param>
          <type>string</type>
          <declname>email</declname>
        </param>
        <param>
          <type>string</type>
          <declname>nTelemovel</declname>
        </param>
        <param>
          <type>string</type>
          <declname>nContribuinte</declname>
        </param>
        <briefdescription>
<para>Construtor padrão da classe Produto. Subclasse Cliente que herda de Utilizador. </para>
        </briefdescription>
        <detaileddescription>
        </detaileddescription>
        <inbodydescription>
        </inbodydescription>
        <location file="Cliente.cs" line="32" column="16" bodyfile="Cliente.cs" bodystart="32" bodyend="42"/>
      </memberdef>
      <memberdef kind="function" id="class__27975___projeto_p_o_o___comercio_1_1_cliente_1a7071df0c410febe482ac858d926744e9" prot="public" static="no" const="no" explicit="no" inline="yes" virt="non-virtual">
        <type>void</type>
        <definition>void _27975_ProjetoPOO_Comercio.Cliente.AtualizarContato</definition>
        <argsstring>(string novoEmail, string novoTelemovel)</argsstring>
        <name>AtualizarContato</name>
        <qualifiedname>_27975_ProjetoPOO_Comercio.Cliente.AtualizarContato</qualifiedname>
        <param>
          <type>string</type>
          <declname>novoEmail</declname>
        </param>
        <param>
          <type>string</type>
          <declname>novoTelemovel</declname>
        </param>
        <briefdescription>
<para>Atualiza o e-mail e o número de telemóvel do cliente. </para>
        </briefdescription>
        <detaileddescription>
<para><parameterlist kind="param"><parameteritem>
<parameternamelist>
<parametername>novoEmail</parametername>
</parameternamelist>
<parameterdescription>
<para>O novo e-mail do cliente.</para>
</parameterdescription>
</parameteritem>
<parameteritem>
<parameternamelist>
<parametername>novoTelemovel</parametername>
</parameternamelist>
<parameterdescription>
<para>O novo número de telemóvel do cliente.</para>
</parameterdescription>
</parameteritem>
</parameterlist>
</para>
        </detaileddescription>
        <inbodydescription>
        </inbodydescription>
        <location file="Cliente.cs" line="92" column="21" bodyfile="Cliente.cs" bodystart="92" bodyend="97"/>
      </memberdef>
      <memberdef kind="function" id="class__27975___projeto_p_o_o___comercio_1_1_cliente_1ae7912c1860b66e4242e87768921d4b83" prot="public" static="no" const="no" explicit="no" inline="yes" virt="non-virtual">
        <type>void</type>
        <definition>void _27975_ProjetoPOO_Comercio.Cliente.ExibirDados</definition>
        <argsstring>()</argsstring>
        <name>ExibirDados</name>
        <qualifiedname>_27975_ProjetoPOO_Comercio.Cliente.ExibirDados</qualifiedname>
        <briefdescription>
<para>Exibe os dados do cliente. </para>
        </briefdescription>
        <detaileddescription>
        </detaileddescription>
        <inbodydescription>
        </inbodydescription>
        <location file="Cliente.cs" line="102" column="21" bodyfile="Cliente.cs" bodystart="102" bodyend="109"/>
      </memberdef>
      <memberdef kind="function" id="class__27975___projeto_p_o_o___comercio_1_1_cliente_1a26a7b7e6743fb5b21d488b1aaa66041d" prot="public" static="no" const="no" explicit="no" inline="yes" virt="non-virtual">
        <type>override void</type>
        <definition>override void _27975_ProjetoPOO_Comercio.Cliente.MostrarInformacoes</definition>
        <argsstring>()</argsstring>
        <name>MostrarInformacoes</name>
        <qualifiedname>_27975_ProjetoPOO_Comercio.Cliente.MostrarInformacoes</qualifiedname>
        <briefdescription>
<para>Sobrescrita do método MostrarInformacoes para incluir mais detalhes. </para>
        </briefdescription>
        <detaileddescription>
        </detaileddescription>
        <inbodydescription>
        </inbodydescription>
        <location file="Cliente.cs" line="118" column="30" bodyfile="Cliente.cs" bodystart="118" bodyend="124"/>
      </memberdef>
    </sectiondef>
    <briefdescription>
    </briefdescription>
    <detaileddescription>
    </detaileddescription>
    <inheritancegraph>
      <node id="2">
        <label>Utilizador</label>
      </node>
      <node id="1">
        <label>_27975_ProjetoPOO_Comercio.Cliente</label>
        <childnode refid="2" relation="public-inheritance">
        </childnode>
      </node>
    </inheritancegraph>
    <collaborationgraph>
      <node id="2">
        <label>Utilizador</label>
      </node>
      <node id="1">
        <label>_27975_ProjetoPOO_Comercio.Cliente</label>
        <childnode refid="2" relation="public-inheritance">
        </childnode>
      </node>
    </collaborationgraph>
    <location file="Cliente.cs" line="10" column="13" bodyfile="Cliente.cs" bodystart="11" bodyend="126"/>
    <listofallmembers>
      <member refid="class__27975___projeto_p_o_o___comercio_1_1_cliente_1a7071df0c410febe482ac858d926744e9" prot="public" virt="non-virtual"><scope>_27975_ProjetoPOO_Comercio::Cliente</scope><name>AtualizarContato</name></member>
      <member refid="class__27975___projeto_p_o_o___comercio_1_1_cliente_1aa650f07557d185586cf6867b0deb78a8" prot="public" virt="non-virtual"><scope>_27975_ProjetoPOO_Comercio::Cliente</scope><name>Cliente</name></member>
      <member refid="class__27975___projeto_p_o_o___comercio_1_1_cliente_1aac8004cfc8e39ec032118bf13e06e5ab" prot="private" virt="non-virtual"><scope>_27975_ProjetoPOO_Comercio::Cliente</scope><name>email</name></member>
      <member refid="class__27975___projeto_p_o_o___comercio_1_1_cliente_1a8c6f0b94fed953cb76cb559b5fb210ff" prot="public" virt="non-virtual"><scope>_27975_ProjetoPOO_Comercio::Cliente</scope><name>Email</name></member>
      <member refid="class__27975___projeto_p_o_o___comercio_1_1_cliente_1ae376d3192d00e9c2f7e6b79b738f9042" prot="private" virt="non-virtual"><scope>_27975_ProjetoPOO_Comercio::Cliente</scope><name>endereco</name></member>
      <member refid="class__27975___projeto_p_o_o___comercio_1_1_cliente_1aaf1b6ee36adcb603e57fd53a107482dc" prot="public" virt="non-virtual"><scope>_27975_ProjetoPOO_Comercio::Cliente</scope><name>Endereco</name></member>
      <member refid="class__27975___projeto_p_o_o___comercio_1_1_cliente_1ae7912c1860b66e4242e87768921d4b83" prot="public" virt="non-virtual"><scope>_27975_ProjetoPOO_Comercio::Cliente</scope><name>ExibirDados</name></member>
      <member refid="class__27975___projeto_p_o_o___comercio_1_1_cliente_1a42fce25cb417e92428753c29a2fb33e5" prot="public" virt="non-virtual"><scope>_27975_ProjetoPOO_Comercio::Cliente</scope><name>Id</name></member>
      <member refid="class__27975___projeto_p_o_o___comercio_1_1_cliente_1a6ebb05a98e3d6ed8644b2cd4e483de1f" prot="private" virt="non-virtual"><scope>_27975_ProjetoPOO_Comercio::Cliente</scope><name>idCliente</name></member>
      <member refid="class__27975___projeto_p_o_o___comercio_1_1_cliente_1a26a7b7e6743fb5b21d488b1aaa66041d" prot="public" virt="non-virtual"><scope>_27975_ProjetoPOO_Comercio::Cliente</scope><name>MostrarInformacoes</name></member>
      <member refid="class__27975___projeto_p_o_o___comercio_1_1_cliente_1ae998922d5a366c695d60caaaf76cad71" prot="private" virt="non-virtual"><scope>_27975_ProjetoPOO_Comercio::Cliente</scope><name>nContribuinte</name></member>
      <member refid="class__27975___projeto_p_o_o___comercio_1_1_cliente_1a7b02f26f605536144332d9c69aa7c31e" prot="public" virt="non-virtual"><scope>_27975_ProjetoPOO_Comercio::Cliente</scope><name>NContribuinte</name></member>
      <member refid="class__27975___projeto_p_o_o___comercio_1_1_cliente_1ab8513390be2f7f6a44f9b823aaae003e" prot="private" virt="non-virtual"><scope>_27975_ProjetoPOO_Comercio::Cliente</scope><name>nome</name></member>
      <member refid="class__27975___projeto_p_o_o___comercio_1_1_cliente_1a6b3448b702513d4c5c8c7f2591dfd16b" prot="public" virt="non-virtual"><scope>_27975_ProjetoPOO_Comercio::Cliente</scope><name>Nome</name></member>
      <member refid="class__27975___projeto_p_o_o___comercio_1_1_cliente_1a44dfb6c2808e92aacd75e9d929815cc0" prot="private" virt="non-virtual"><scope>_27975_ProjetoPOO_Comercio::Cliente</scope><name>nTelemovel</name></member>
      <member refid="class__27975___projeto_p_o_o___comercio_1_1_cliente_1a6b63d78b286c7bc33ad7d6d31bd0b4eb" prot="public" virt="non-virtual"><scope>_27975_ProjetoPOO_Comercio::Cliente</scope><name>NTelemovel</name></member>
      <member refid="class__27975___projeto_p_o_o___comercio_1_1_utilizador_1aaf2806d0e50d2ae1b985af814af519c8" prot="public" virt="non-virtual"><scope>_27975_ProjetoPOO_Comercio::Cliente</scope><name>Utilizador</name></member>
    </listofallmembers>
  </compounddef>
</doxygen>
