<?xml version='1.0' encoding='UTF-8' standalone='no'?>
<doxygen xmlns:xsi="http://www.w3.org/2001/XMLSchema-instance" xsi:noNamespaceSchemaLocation="compound.xsd" version="1.10.0" xml:lang="en-US">
  <compounddef id="class_business_object_1_1_admin" kind="class" language="C#" prot="public">
    <compoundname>BusinessObject::Admin</compoundname>
    <basecompoundref refid="class_business_object_1_1_utilizador" prot="public" virt="non-virtual">BusinessObject.Utilizador</basecompoundref>
    <sectiondef kind="private-attrib">
      <memberdef kind="variable" id="class_business_object_1_1_admin_1a45eadedbe9268d4301765c19940608f5" prot="private" static="no" mutable="no">
        <type>int</type>
        <definition>int BusinessObject.Admin.id</definition>
        <argsstring></argsstring>
        <name>id</name>
        <qualifiedname>BusinessObject.Admin.id</qualifiedname>
        <briefdescription>
<para>Representa um Admim no sistema de comércio eletrônico. </para>
        </briefdescription>
        <detaileddescription>
        </detaileddescription>
        <inbodydescription>
        </inbodydescription>
        <location file="BusinessObjectLib/Admin.cs" line="18" column="13" bodyfile="BusinessObjectLib/Admin.cs" bodystart="18" bodyend="-1"/>
      </memberdef>
      <memberdef kind="variable" id="class_business_object_1_1_admin_1a2a8d635ce280f9f81514e03765a2ab9d" prot="private" static="no" mutable="no">
        <type>string</type>
        <definition>string BusinessObject.Admin.nome</definition>
        <argsstring></argsstring>
        <name>nome</name>
        <qualifiedname>BusinessObject.Admin.nome</qualifiedname>
        <briefdescription>
        </briefdescription>
        <detaileddescription>
        </detaileddescription>
        <inbodydescription>
        </inbodydescription>
        <location file="BusinessObjectLib/Admin.cs" line="19" column="16" bodyfile="BusinessObjectLib/Admin.cs" bodystart="19" bodyend="-1"/>
      </memberdef>
      <memberdef kind="variable" id="class_business_object_1_1_admin_1a3f8244dbb64902dd8dd7b52ac6e869ad" prot="private" static="no" mutable="no">
        <type>string</type>
        <definition>string BusinessObject.Admin.email</definition>
        <argsstring></argsstring>
        <name>email</name>
        <qualifiedname>BusinessObject.Admin.email</qualifiedname>
        <briefdescription>
        </briefdescription>
        <detaileddescription>
        </detaileddescription>
        <inbodydescription>
        </inbodydescription>
        <location file="BusinessObjectLib/Admin.cs" line="20" column="16" bodyfile="BusinessObjectLib/Admin.cs" bodystart="20" bodyend="-1"/>
      </memberdef>
      <memberdef kind="variable" id="class_business_object_1_1_admin_1a172ef90ba124ddbe57c855a5cf4e03ec" prot="private" static="no" mutable="no">
        <type>string</type>
        <definition>string BusinessObject.Admin.nivelAcesso</definition>
        <argsstring></argsstring>
        <name>nivelAcesso</name>
        <qualifiedname>BusinessObject.Admin.nivelAcesso</qualifiedname>
        <briefdescription>
        </briefdescription>
        <detaileddescription>
        </detaileddescription>
        <inbodydescription>
        </inbodydescription>
        <location file="BusinessObjectLib/Admin.cs" line="21" column="16" bodyfile="BusinessObjectLib/Admin.cs" bodystart="21" bodyend="-1"/>
      </memberdef>
      <memberdef kind="variable" id="class_business_object_1_1_admin_1ac0344bffd1591e4cf526f813c3d08bf2" prot="private" static="no" mutable="no">
        <type>string</type>
        <definition>string BusinessObject.Admin.nTelemovel</definition>
        <argsstring></argsstring>
        <name>nTelemovel</name>
        <qualifiedname>BusinessObject.Admin.nTelemovel</qualifiedname>
        <briefdescription>
        </briefdescription>
        <detaileddescription>
        </detaileddescription>
        <inbodydescription>
        </inbodydescription>
        <location file="BusinessObjectLib/Admin.cs" line="22" column="16" bodyfile="BusinessObjectLib/Admin.cs" bodystart="22" bodyend="-1"/>
      </memberdef>
    </sectiondef>
    <sectiondef kind="property">
      <memberdef kind="property" id="class_business_object_1_1_admin_1a6e0c681d7700cf38c9ae28c44cd9d922" prot="public" static="no" readable="no" writable="no" gettable="yes" privategettable="no" protectedgettable="no" settable="yes" privatesettable="no" protectedsettable="no">
        <type>string</type>
        <definition>string BusinessObject.Admin.NivelAcesso</definition>
        <argsstring></argsstring>
        <name>NivelAcesso</name>
        <qualifiedname>BusinessObject.Admin.NivelAcesso</qualifiedname>
        <briefdescription>
<para>Região que agrupa as propriedades (getters e setters) da classe. </para>
        </briefdescription>
        <detaileddescription>
        </detaileddescription>
        <inbodydescription>
        </inbodydescription>
        <location file="BusinessObjectLib/Admin.cs" line="30" column="23" bodyfile="BusinessObjectLib/Admin.cs" bodystart="31" bodyend="34"/>
        <referencedby refid="class_business_object_1_1_admin_1a2d97b806e898b09e5381f7ad9826c35f" compoundref="_admin_8cs" startline="45" endline="49">BusinessObject.Admin.Admin</referencedby>
      </memberdef>
    </sectiondef>
    <sectiondef kind="public-func">
      <memberdef kind="function" id="class_business_object_1_1_admin_1a2d97b806e898b09e5381f7ad9826c35f" prot="public" static="no" const="no" explicit="no" inline="yes" virt="non-virtual">
        <type></type>
        <definition>BusinessObject.Admin.Admin</definition>
        <argsstring>(int id, string nome, string email, string nivelAcesso)</argsstring>
        <name>Admin</name>
        <qualifiedname>BusinessObject.Admin.Admin</qualifiedname>
        <param>
          <type>int</type>
          <declname>id</declname>
        </param>
        <param>
          <type>string</type>
          <declname>nome</declname>
        </param>
        <param>
          <type>string</type>
          <declname>email</declname>
        </param>
        <param>
          <type>string</type>
          <declname>nivelAcesso</declname>
        </param>
        <briefdescription>
<para>Construtor da classe Admin que chama o construtor da base. </para>
        </briefdescription>
        <detaileddescription>
<para><parameterlist kind="param"><parameteritem>
<parameternamelist>
<parametername>id</parametername>
</parameternamelist>
<parameterdescription>
</parameterdescription>
</parameteritem>
<parameteritem>
<parameternamelist>
<parametername>nome</parametername>
</parameternamelist>
<parameterdescription>
</parameterdescription>
</parameteritem>
<parameteritem>
<parameternamelist>
<parametername>email</parametername>
</parameternamelist>
<parameterdescription>
</parameterdescription>
</parameteritem>
<parameteritem>
<parameternamelist>
<parametername>nivelAcesso</parametername>
</parameternamelist>
<parameterdescription>
</parameterdescription>
</parameteritem>
</parameterlist>
</para>
        </detaileddescription>
        <inbodydescription>
        </inbodydescription>
        <location file="BusinessObjectLib/Admin.cs" line="45" column="16" bodyfile="BusinessObjectLib/Admin.cs" bodystart="45" bodyend="49"/>
        <references refid="class_business_object_1_1_admin_1a6e0c681d7700cf38c9ae28c44cd9d922" compoundref="_admin_8cs" startline="31" endline="34">BusinessObject.Admin.NivelAcesso</references>
      </memberdef>
    </sectiondef>
    <briefdescription>
    </briefdescription>
    <detaileddescription>
    </detaileddescription>
    <inheritancegraph>
      <node id="1">
        <label>BusinessObject.Admin</label>
        <link refid="class_business_object_1_1_admin"/>
        <childnode refid="2" relation="public-inheritance">
        </childnode>
      </node>
      <node id="2">
        <label>Utilizador</label>
        <link refid="class_business_object_1_1_utilizador"/>
      </node>
    </inheritancegraph>
    <collaborationgraph>
      <node id="1">
        <label>BusinessObject.Admin</label>
        <link refid="class_business_object_1_1_admin"/>
        <childnode refid="2" relation="public-inheritance">
        </childnode>
      </node>
      <node id="2">
        <label>Utilizador</label>
        <link refid="class_business_object_1_1_utilizador"/>
      </node>
    </collaborationgraph>
    <location file="BusinessObjectLib/Admin.cs" line="10" column="11" bodyfile="BusinessObjectLib/Admin.cs" bodystart="11" bodyend="51"/>
    <listofallmembers>
      <member refid="class_business_object_1_1_admin_1a2d97b806e898b09e5381f7ad9826c35f" prot="public" virt="non-virtual"><scope>BusinessObject::Admin</scope><name>Admin</name></member>
      <member refid="class_business_object_1_1_utilizador_1a907498e51572fbd62e7da12e6db8ffc2" prot="public" virt="non-virtual"><scope>BusinessObject::Admin</scope><name>AtualizarContato</name></member>
      <member refid="class_business_object_1_1_admin_1a3f8244dbb64902dd8dd7b52ac6e869ad" prot="private" virt="non-virtual"><scope>BusinessObject::Admin</scope><name>email</name></member>
      <member refid="class_business_object_1_1_utilizador_1a20dafdcab413bd802723c51bc05ef473" prot="public" virt="non-virtual"><scope>BusinessObject::Admin</scope><name>Email</name></member>
      <member refid="class_business_object_1_1_admin_1a45eadedbe9268d4301765c19940608f5" prot="private" virt="non-virtual"><scope>BusinessObject::Admin</scope><name>id</name></member>
      <member refid="class_business_object_1_1_utilizador_1a9840d6e9bf0a3147b9f8b6fd1d830cd1" prot="public" virt="non-virtual"><scope>BusinessObject::Admin</scope><name>Id</name></member>
      <member refid="class_business_object_1_1_admin_1a172ef90ba124ddbe57c855a5cf4e03ec" prot="private" virt="non-virtual"><scope>BusinessObject::Admin</scope><name>nivelAcesso</name></member>
      <member refid="class_business_object_1_1_admin_1a6e0c681d7700cf38c9ae28c44cd9d922" prot="public" virt="non-virtual"><scope>BusinessObject::Admin</scope><name>NivelAcesso</name></member>
      <member refid="class_business_object_1_1_admin_1a2a8d635ce280f9f81514e03765a2ab9d" prot="private" virt="non-virtual"><scope>BusinessObject::Admin</scope><name>nome</name></member>
      <member refid="class_business_object_1_1_utilizador_1acb90639c0945c2839417c968bb610e2a" prot="public" virt="non-virtual"><scope>BusinessObject::Admin</scope><name>Nome</name></member>
      <member refid="class_business_object_1_1_admin_1ac0344bffd1591e4cf526f813c3d08bf2" prot="private" virt="non-virtual"><scope>BusinessObject::Admin</scope><name>nTelemovel</name></member>
      <member refid="class_business_object_1_1_utilizador_1af0b626e983278a95d8e7f043699159da" prot="public" virt="non-virtual"><scope>BusinessObject::Admin</scope><name>NTelemovel</name></member>
      <member refid="class_business_object_1_1_utilizador_1a63a595b50ac148bfa33362a0113a8858" prot="public" virt="non-virtual"><scope>BusinessObject::Admin</scope><name>Utilizador</name></member>
    </listofallmembers>
  </compounddef>
</doxygen>
