<?xml version='1.0' encoding='UTF-8' standalone='no'?>
<doxygen xmlns:xsi="http://www.w3.org/2001/XMLSchema-instance" xsi:noNamespaceSchemaLocation="compound.xsd" version="1.10.0" xml:lang="en-US">
  <compounddef id="class_business_object_1_1_pedido" kind="class" language="C#" prot="public">
    <compoundname>BusinessObject::Pedido</compoundname>
    <sectiondef kind="private-attrib">
      <memberdef kind="variable" id="class_business_object_1_1_pedido_1ad8ffadc3204f980ce3f1a0ba01f4acff" prot="private" static="no" mutable="no">
        <type>int</type>
        <definition>int BusinessObject.Pedido.idPedido</definition>
        <argsstring></argsstring>
        <name>idPedido</name>
        <qualifiedname>BusinessObject.Pedido.idPedido</qualifiedname>
        <briefdescription>
<para>Representa um pedido no sistema de comércio eletrônico. </para>
        </briefdescription>
        <detaileddescription>
        </detaileddescription>
        <inbodydescription>
        </inbodydescription>
        <location file="BusinessObjectLib/Pedido.cs" line="17" column="13" bodyfile="BusinessObjectLib/Pedido.cs" bodystart="17" bodyend="-1"/>
      </memberdef>
      <memberdef kind="variable" id="class_business_object_1_1_pedido_1a306520eb29d615569681be2399a6dd1f" prot="private" static="no" mutable="no">
        <type>string</type>
        <definition>string BusinessObject.Pedido.produtoPedido</definition>
        <argsstring></argsstring>
        <name>produtoPedido</name>
        <qualifiedname>BusinessObject.Pedido.produtoPedido</qualifiedname>
        <briefdescription>
        </briefdescription>
        <detaileddescription>
        </detaileddescription>
        <inbodydescription>
        </inbodydescription>
        <location file="BusinessObjectLib/Pedido.cs" line="18" column="16" bodyfile="BusinessObjectLib/Pedido.cs" bodystart="18" bodyend="-1"/>
      </memberdef>
      <memberdef kind="variable" id="class_business_object_1_1_pedido_1a76132bb1d587e05c609d854f05644ac2" prot="private" static="no" mutable="no">
        <type>string</type>
        <definition>string BusinessObject.Pedido.cliente</definition>
        <argsstring></argsstring>
        <name>cliente</name>
        <qualifiedname>BusinessObject.Pedido.cliente</qualifiedname>
        <briefdescription>
        </briefdescription>
        <detaileddescription>
        </detaileddescription>
        <inbodydescription>
        </inbodydescription>
        <location file="BusinessObjectLib/Pedido.cs" line="19" column="16" bodyfile="BusinessObjectLib/Pedido.cs" bodystart="19" bodyend="-1"/>
      </memberdef>
      <memberdef kind="variable" id="class_business_object_1_1_pedido_1afab6066af43e6a009bc012877bae84dd" prot="private" static="no" mutable="no">
        <type>string</type>
        <definition>string BusinessObject.Pedido.estadoDaEncomenda</definition>
        <argsstring></argsstring>
        <name>estadoDaEncomenda</name>
        <qualifiedname>BusinessObject.Pedido.estadoDaEncomenda</qualifiedname>
        <briefdescription>
        </briefdescription>
        <detaileddescription>
        </detaileddescription>
        <inbodydescription>
        </inbodydescription>
        <location file="BusinessObjectLib/Pedido.cs" line="20" column="16" bodyfile="BusinessObjectLib/Pedido.cs" bodystart="20" bodyend="-1"/>
      </memberdef>
      <memberdef kind="variable" id="class_business_object_1_1_pedido_1a264e46f4f7df50dde75c1b153eb4ff55" prot="private" static="no" mutable="no">
        <type>string</type>
        <definition>string BusinessObject.Pedido.dataEncomenda</definition>
        <argsstring></argsstring>
        <name>dataEncomenda</name>
        <qualifiedname>BusinessObject.Pedido.dataEncomenda</qualifiedname>
        <briefdescription>
        </briefdescription>
        <detaileddescription>
        </detaileddescription>
        <inbodydescription>
        </inbodydescription>
        <location file="BusinessObjectLib/Pedido.cs" line="21" column="16" bodyfile="BusinessObjectLib/Pedido.cs" bodystart="21" bodyend="-1"/>
      </memberdef>
      <memberdef kind="variable" id="class_business_object_1_1_pedido_1a1b9552f813b6830666a9d80e30077d0b" prot="private" static="no" mutable="no">
        <type>int</type>
        <definition>int BusinessObject.Pedido.valorEncomenda</definition>
        <argsstring></argsstring>
        <name>valorEncomenda</name>
        <qualifiedname>BusinessObject.Pedido.valorEncomenda</qualifiedname>
        <briefdescription>
        </briefdescription>
        <detaileddescription>
        </detaileddescription>
        <inbodydescription>
        </inbodydescription>
        <location file="BusinessObjectLib/Pedido.cs" line="22" column="13" bodyfile="BusinessObjectLib/Pedido.cs" bodystart="22" bodyend="-1"/>
      </memberdef>
      <memberdef kind="variable" id="class_business_object_1_1_pedido_1a3b4209e9097cc53946b2ea726950445e" prot="private" static="no" mutable="no">
        <type>string</type>
        <definition>string BusinessObject.Pedido.moradaAEnviar</definition>
        <argsstring></argsstring>
        <name>moradaAEnviar</name>
        <qualifiedname>BusinessObject.Pedido.moradaAEnviar</qualifiedname>
        <briefdescription>
        </briefdescription>
        <detaileddescription>
        </detaileddescription>
        <inbodydescription>
        </inbodydescription>
        <location file="BusinessObjectLib/Pedido.cs" line="23" column="16" bodyfile="BusinessObjectLib/Pedido.cs" bodystart="23" bodyend="-1"/>
      </memberdef>
    </sectiondef>
    <sectiondef kind="property">
      <memberdef kind="property" id="class_business_object_1_1_pedido_1a238be8e9c343d24bc2866ab089d11081" prot="public" static="no" readable="no" writable="no" gettable="yes" privategettable="no" protectedgettable="no" settable="yes" privatesettable="no" protectedsettable="no">
        <type>int</type>
        <definition>int BusinessObject.Pedido.Id</definition>
        <argsstring></argsstring>
        <name>Id</name>
        <qualifiedname>BusinessObject.Pedido.Id</qualifiedname>
        <briefdescription>
<para>Região que agrupa as propriedades (getters e setters) da classe. </para>
        </briefdescription>
        <detaileddescription>
        </detaileddescription>
        <inbodydescription>
        </inbodydescription>
        <location file="BusinessObjectLib/Pedido.cs" line="49" column="20" bodyfile="BusinessObjectLib/Pedido.cs" bodystart="50" bodyend="53"/>
      </memberdef>
      <memberdef kind="property" id="class_business_object_1_1_pedido_1acaeed6838f9b771ef4d81cc54b95a91c" prot="public" static="no" readable="no" writable="no" gettable="yes" privategettable="no" protectedgettable="no" settable="yes" privatesettable="no" protectedsettable="no">
        <type>string</type>
        <definition>string BusinessObject.Pedido.ProdutoPedido</definition>
        <argsstring></argsstring>
        <name>ProdutoPedido</name>
        <qualifiedname>BusinessObject.Pedido.ProdutoPedido</qualifiedname>
        <briefdescription>
        </briefdescription>
        <detaileddescription>
        </detaileddescription>
        <inbodydescription>
        </inbodydescription>
        <location file="BusinessObjectLib/Pedido.cs" line="54" column="23" bodyfile="BusinessObjectLib/Pedido.cs" bodystart="55" bodyend="58"/>
      </memberdef>
      <memberdef kind="property" id="class_business_object_1_1_pedido_1a8ad91cb48728e9711e5a02e31bec4049" prot="public" static="no" readable="no" writable="no" gettable="yes" privategettable="no" protectedgettable="no" settable="yes" privatesettable="no" protectedsettable="no">
        <type>string</type>
        <definition>string BusinessObject.Pedido.Cliente</definition>
        <argsstring></argsstring>
        <name>Cliente</name>
        <qualifiedname>BusinessObject.Pedido.Cliente</qualifiedname>
        <briefdescription>
        </briefdescription>
        <detaileddescription>
        </detaileddescription>
        <inbodydescription>
        </inbodydescription>
        <location file="BusinessObjectLib/Pedido.cs" line="59" column="23" bodyfile="BusinessObjectLib/Pedido.cs" bodystart="60" bodyend="63"/>
      </memberdef>
      <memberdef kind="property" id="class_business_object_1_1_pedido_1a1a8bff977a7f1e7cdba0b78680197a73" prot="public" static="no" readable="no" writable="no" gettable="yes" privategettable="no" protectedgettable="no" settable="yes" privatesettable="no" protectedsettable="no">
        <type>string</type>
        <definition>string BusinessObject.Pedido.EstadoDaEncomenda</definition>
        <argsstring></argsstring>
        <name>EstadoDaEncomenda</name>
        <qualifiedname>BusinessObject.Pedido.EstadoDaEncomenda</qualifiedname>
        <briefdescription>
        </briefdescription>
        <detaileddescription>
        </detaileddescription>
        <inbodydescription>
        </inbodydescription>
        <location file="BusinessObjectLib/Pedido.cs" line="64" column="23" bodyfile="BusinessObjectLib/Pedido.cs" bodystart="65" bodyend="68"/>
      </memberdef>
      <memberdef kind="property" id="class_business_object_1_1_pedido_1a5b14f28b45a9272f9d238776297a152e" prot="public" static="no" readable="no" writable="no" gettable="yes" privategettable="no" protectedgettable="no" settable="yes" privatesettable="no" protectedsettable="no">
        <type>int</type>
        <definition>int BusinessObject.Pedido.ValorEncomenda</definition>
        <argsstring></argsstring>
        <name>ValorEncomenda</name>
        <qualifiedname>BusinessObject.Pedido.ValorEncomenda</qualifiedname>
        <briefdescription>
        </briefdescription>
        <detaileddescription>
        </detaileddescription>
        <inbodydescription>
        </inbodydescription>
        <location file="BusinessObjectLib/Pedido.cs" line="69" column="20" bodyfile="BusinessObjectLib/Pedido.cs" bodystart="70" bodyend="73"/>
      </memberdef>
      <memberdef kind="property" id="class_business_object_1_1_pedido_1a3ef25b4ae8bbc7dca604fe58ae1396a0" prot="public" static="no" readable="no" writable="no" gettable="yes" privategettable="no" protectedgettable="no" settable="yes" privatesettable="no" protectedsettable="no">
        <type>string</type>
        <definition>string BusinessObject.Pedido.MoradaAEnviar</definition>
        <argsstring></argsstring>
        <name>MoradaAEnviar</name>
        <qualifiedname>BusinessObject.Pedido.MoradaAEnviar</qualifiedname>
        <briefdescription>
        </briefdescription>
        <detaileddescription>
        </detaileddescription>
        <inbodydescription>
        </inbodydescription>
        <location file="BusinessObjectLib/Pedido.cs" line="74" column="23" bodyfile="BusinessObjectLib/Pedido.cs" bodystart="75" bodyend="78"/>
      </memberdef>
      <memberdef kind="property" id="class_business_object_1_1_pedido_1af550a2624b8d48238075167af6842e12" prot="public" static="no" readable="no" writable="no" gettable="yes" privategettable="no" protectedgettable="no" settable="yes" privatesettable="no" protectedsettable="no">
        <type>string</type>
        <definition>string BusinessObject.Pedido.DataEncomenda</definition>
        <argsstring></argsstring>
        <name>DataEncomenda</name>
        <qualifiedname>BusinessObject.Pedido.DataEncomenda</qualifiedname>
        <briefdescription>
        </briefdescription>
        <detaileddescription>
        </detaileddescription>
        <inbodydescription>
        </inbodydescription>
        <location file="BusinessObjectLib/Pedido.cs" line="80" column="23" bodyfile="BusinessObjectLib/Pedido.cs" bodystart="81" bodyend="84"/>
      </memberdef>
    </sectiondef>
    <sectiondef kind="public-func">
      <memberdef kind="function" id="class_business_object_1_1_pedido_1a97a4427f939cabbc296a7bfae43c16fb" prot="public" static="no" const="no" explicit="no" inline="yes" virt="non-virtual">
        <type></type>
        <definition>BusinessObject.Pedido.Pedido</definition>
        <argsstring>(int idPedido, string produtoPedido, string cliente, string estadoDaEncomenda, string dataEncomenda, int valorEncomenda, string moradaAEnviar)</argsstring>
        <name>Pedido</name>
        <qualifiedname>BusinessObject.Pedido.Pedido</qualifiedname>
        <param>
          <type>int</type>
          <declname>idPedido</declname>
        </param>
        <param>
          <type>string</type>
          <declname>produtoPedido</declname>
        </param>
        <param>
          <type>string</type>
          <declname>cliente</declname>
        </param>
        <param>
          <type>string</type>
          <declname>estadoDaEncomenda</declname>
        </param>
        <param>
          <type>string</type>
          <declname>dataEncomenda</declname>
        </param>
        <param>
          <type>int</type>
          <declname>valorEncomenda</declname>
        </param>
        <param>
          <type>string</type>
          <declname>moradaAEnviar</declname>
        </param>
        <briefdescription>
<para>Construtor padrão da classe Produto. </para>
        </briefdescription>
        <detaileddescription>
        </detaileddescription>
        <inbodydescription>
        </inbodydescription>
        <location file="BusinessObjectLib/Pedido.cs" line="30" column="16" bodyfile="BusinessObjectLib/Pedido.cs" bodystart="30" bodyend="40"/>
      </memberdef>
      <memberdef kind="function" id="class_business_object_1_1_pedido_1a70d76fff0a1826b59285a18b18731817" prot="public" static="no" const="no" explicit="no" inline="yes" virt="non-virtual">
        <type>bool</type>
        <definition>bool BusinessObject.Pedido.AtualizarEstadoEncomenda</definition>
        <argsstring>(string novoEstado)</argsstring>
        <name>AtualizarEstadoEncomenda</name>
        <qualifiedname>BusinessObject.Pedido.AtualizarEstadoEncomenda</qualifiedname>
        <param>
          <type>string</type>
          <declname>novoEstado</declname>
        </param>
        <briefdescription>
<para>Atualiza o estado da encomenda. </para>
        </briefdescription>
        <detaileddescription>
<para><parameterlist kind="param"><parameteritem>
<parameternamelist>
<parametername>novoEstado</parametername>
</parameternamelist>
<parameterdescription>
<para>Novo estado da encomenda.</para>
</parameterdescription>
</parameteritem>
</parameterlist>
</para>
        </detaileddescription>
        <inbodydescription>
        </inbodydescription>
        <location file="BusinessObjectLib/Pedido.cs" line="93" column="21" bodyfile="BusinessObjectLib/Pedido.cs" bodystart="93" bodyend="97"/>
      </memberdef>
      <memberdef kind="function" id="class_business_object_1_1_pedido_1a029c49f1ef2f5fd019c08d4177e2d931" prot="public" static="no" const="no" explicit="no" inline="yes" virt="non-virtual">
        <type>int</type>
        <definition>int BusinessObject.Pedido.CalcularValorComImposto</definition>
        <argsstring>(double taxaImposto)</argsstring>
        <name>CalcularValorComImposto</name>
        <qualifiedname>BusinessObject.Pedido.CalcularValorComImposto</qualifiedname>
        <param>
          <type>double</type>
          <declname>taxaImposto</declname>
        </param>
        <briefdescription>
<para>Calcula o valor total da encomenda incluindo imposto. </para>
        </briefdescription>
        <detaileddescription>
<para><parameterlist kind="param"><parameteritem>
<parameternamelist>
<parametername>taxaImposto</parametername>
</parameternamelist>
<parameterdescription>
<para>Taxa de imposto a ser aplicada (em decimal, por exemplo, 0.20 para 20%).</para>
</parameterdescription>
</parameteritem>
</parameterlist>
<simplesect kind="return"><para>Valor total da encomenda com imposto.</para>
</simplesect>
</para>
        </detaileddescription>
        <inbodydescription>
        </inbodydescription>
        <location file="BusinessObjectLib/Pedido.cs" line="104" column="20" bodyfile="BusinessObjectLib/Pedido.cs" bodystart="104" bodyend="107"/>
      </memberdef>
    </sectiondef>
    <briefdescription>
    </briefdescription>
    <detaileddescription>
    </detaileddescription>
    <location file="BusinessObjectLib/Pedido.cs" line="10" column="11" bodyfile="BusinessObjectLib/Pedido.cs" bodystart="11" bodyend="111"/>
    <listofallmembers>
      <member refid="class_business_object_1_1_pedido_1a70d76fff0a1826b59285a18b18731817" prot="public" virt="non-virtual"><scope>BusinessObject::Pedido</scope><name>AtualizarEstadoEncomenda</name></member>
      <member refid="class_business_object_1_1_pedido_1a029c49f1ef2f5fd019c08d4177e2d931" prot="public" virt="non-virtual"><scope>BusinessObject::Pedido</scope><name>CalcularValorComImposto</name></member>
      <member refid="class_business_object_1_1_pedido_1a76132bb1d587e05c609d854f05644ac2" prot="private" virt="non-virtual"><scope>BusinessObject::Pedido</scope><name>cliente</name></member>
      <member refid="class_business_object_1_1_pedido_1a8ad91cb48728e9711e5a02e31bec4049" prot="public" virt="non-virtual"><scope>BusinessObject::Pedido</scope><name>Cliente</name></member>
      <member refid="class_business_object_1_1_pedido_1a264e46f4f7df50dde75c1b153eb4ff55" prot="private" virt="non-virtual"><scope>BusinessObject::Pedido</scope><name>dataEncomenda</name></member>
      <member refid="class_business_object_1_1_pedido_1af550a2624b8d48238075167af6842e12" prot="public" virt="non-virtual"><scope>BusinessObject::Pedido</scope><name>DataEncomenda</name></member>
      <member refid="class_business_object_1_1_pedido_1afab6066af43e6a009bc012877bae84dd" prot="private" virt="non-virtual"><scope>BusinessObject::Pedido</scope><name>estadoDaEncomenda</name></member>
      <member refid="class_business_object_1_1_pedido_1a1a8bff977a7f1e7cdba0b78680197a73" prot="public" virt="non-virtual"><scope>BusinessObject::Pedido</scope><name>EstadoDaEncomenda</name></member>
      <member refid="class_business_object_1_1_pedido_1a238be8e9c343d24bc2866ab089d11081" prot="public" virt="non-virtual"><scope>BusinessObject::Pedido</scope><name>Id</name></member>
      <member refid="class_business_object_1_1_pedido_1ad8ffadc3204f980ce3f1a0ba01f4acff" prot="private" virt="non-virtual"><scope>BusinessObject::Pedido</scope><name>idPedido</name></member>
      <member refid="class_business_object_1_1_pedido_1a3b4209e9097cc53946b2ea726950445e" prot="private" virt="non-virtual"><scope>BusinessObject::Pedido</scope><name>moradaAEnviar</name></member>
      <member refid="class_business_object_1_1_pedido_1a3ef25b4ae8bbc7dca604fe58ae1396a0" prot="public" virt="non-virtual"><scope>BusinessObject::Pedido</scope><name>MoradaAEnviar</name></member>
      <member refid="class_business_object_1_1_pedido_1a97a4427f939cabbc296a7bfae43c16fb" prot="public" virt="non-virtual"><scope>BusinessObject::Pedido</scope><name>Pedido</name></member>
      <member refid="class_business_object_1_1_pedido_1a306520eb29d615569681be2399a6dd1f" prot="private" virt="non-virtual"><scope>BusinessObject::Pedido</scope><name>produtoPedido</name></member>
      <member refid="class_business_object_1_1_pedido_1acaeed6838f9b771ef4d81cc54b95a91c" prot="public" virt="non-virtual"><scope>BusinessObject::Pedido</scope><name>ProdutoPedido</name></member>
      <member refid="class_business_object_1_1_pedido_1a1b9552f813b6830666a9d80e30077d0b" prot="private" virt="non-virtual"><scope>BusinessObject::Pedido</scope><name>valorEncomenda</name></member>
      <member refid="class_business_object_1_1_pedido_1a5b14f28b45a9272f9d238776297a152e" prot="public" virt="non-virtual"><scope>BusinessObject::Pedido</scope><name>ValorEncomenda</name></member>
    </listofallmembers>
  </compounddef>
</doxygen>
