<?xml version='1.0' encoding='UTF-8' standalone='no'?>
<doxygen xmlns:xsi="http://www.w3.org/2001/XMLSchema-instance" xsi:noNamespaceSchemaLocation="compound.xsd" version="1.10.0" xml:lang="en-US">
  <compounddef id="class_business_object_1_1_categoria" kind="class" language="C#" prot="public">
    <compoundname>BusinessObject::Categoria</compoundname>
    <sectiondef kind="private-attrib">
      <memberdef kind="variable" id="class_business_object_1_1_categoria_1adefb769e6c10d027eef38f06d77fbf4f" prot="private" static="no" mutable="no">
        <type>int</type>
        <definition>int BusinessObject.Categoria.idCategoria</definition>
        <argsstring></argsstring>
        <name>idCategoria</name>
        <qualifiedname>BusinessObject.Categoria.idCategoria</qualifiedname>
        <briefdescription>
<para>Representa um produto no sistema de comércio eletrônico. </para>
        </briefdescription>
        <detaileddescription>
        </detaileddescription>
        <inbodydescription>
        </inbodydescription>
        <location file="BusinessObjectLib/Categoria.cs" line="16" column="13" bodyfile="BusinessObjectLib/Categoria.cs" bodystart="16" bodyend="-1"/>
      </memberdef>
      <memberdef kind="variable" id="class_business_object_1_1_categoria_1a0bac8c3b3c3bbd594f020588ff54b5bc" prot="private" static="no" mutable="no">
        <type>string</type>
        <definition>string BusinessObject.Categoria.nomeCategoria</definition>
        <argsstring></argsstring>
        <name>nomeCategoria</name>
        <qualifiedname>BusinessObject.Categoria.nomeCategoria</qualifiedname>
        <briefdescription>
        </briefdescription>
        <detaileddescription>
        </detaileddescription>
        <inbodydescription>
        </inbodydescription>
        <location file="BusinessObjectLib/Categoria.cs" line="17" column="16" bodyfile="BusinessObjectLib/Categoria.cs" bodystart="17" bodyend="-1"/>
      </memberdef>
    </sectiondef>
    <sectiondef kind="property">
      <memberdef kind="property" id="class_business_object_1_1_categoria_1accf563bcd6c36ee0db8b71728ffae085" prot="public" static="no" readable="no" writable="no" gettable="yes" privategettable="no" protectedgettable="no" settable="yes" privatesettable="no" protectedsettable="no">
        <type>int</type>
        <definition>int BusinessObject.Categoria.Id</definition>
        <argsstring></argsstring>
        <name>Id</name>
        <qualifiedname>BusinessObject.Categoria.Id</qualifiedname>
        <briefdescription>
<para>Região que agrupa as propriedades (getters e setters) da classe. </para>
        </briefdescription>
        <detaileddescription>
        </detaileddescription>
        <inbodydescription>
        </inbodydescription>
        <location file="BusinessObjectLib/Categoria.cs" line="36" column="20" bodyfile="BusinessObjectLib/Categoria.cs" bodystart="37" bodyend="40"/>
      </memberdef>
      <memberdef kind="property" id="class_business_object_1_1_categoria_1aac77fd04f3c7be1557df6377e2c7c653" prot="public" static="no" readable="no" writable="no" gettable="yes" privategettable="no" protectedgettable="no" settable="yes" privatesettable="no" protectedsettable="no">
        <type>string</type>
        <definition>string BusinessObject.Categoria.Nome</definition>
        <argsstring></argsstring>
        <name>Nome</name>
        <qualifiedname>BusinessObject.Categoria.Nome</qualifiedname>
        <briefdescription>
        </briefdescription>
        <detaileddescription>
        </detaileddescription>
        <inbodydescription>
        </inbodydescription>
        <location file="BusinessObjectLib/Categoria.cs" line="41" column="23" bodyfile="BusinessObjectLib/Categoria.cs" bodystart="42" bodyend="45"/>
      </memberdef>
    </sectiondef>
    <sectiondef kind="public-func">
      <memberdef kind="function" id="class_business_object_1_1_categoria_1ac687cb97a8b64447040ce40c8271b169" prot="public" static="no" const="no" explicit="no" inline="yes" virt="non-virtual">
        <type></type>
        <definition>BusinessObject.Categoria.Categoria</definition>
        <argsstring>(int id, string nome)</argsstring>
        <name>Categoria</name>
        <qualifiedname>BusinessObject.Categoria.Categoria</qualifiedname>
        <param>
          <type>int</type>
          <declname>id</declname>
        </param>
        <param>
          <type>string</type>
          <declname>nome</declname>
        </param>
        <briefdescription>
<para>Construtor padrão da classe Produto. </para>
        </briefdescription>
        <detaileddescription>
        </detaileddescription>
        <inbodydescription>
        </inbodydescription>
        <location file="BusinessObjectLib/Categoria.cs" line="25" column="16" bodyfile="BusinessObjectLib/Categoria.cs" bodystart="25" bodyend="29"/>
      </memberdef>
      <memberdef kind="function" id="class_business_object_1_1_categoria_1a71617692c9eebc0268ca2a5e94038031" prot="public" static="no" const="no" explicit="no" inline="yes" virt="non-virtual">
        <type>bool</type>
        <definition>bool BusinessObject.Categoria.AtualizarNome</definition>
        <argsstring>(string novoNome)</argsstring>
        <name>AtualizarNome</name>
        <qualifiedname>BusinessObject.Categoria.AtualizarNome</qualifiedname>
        <param>
          <type>string</type>
          <declname>novoNome</declname>
        </param>
        <briefdescription>
<para>Atualiza o nome da categoria. </para>
        </briefdescription>
        <detaileddescription>
<para><parameterlist kind="param"><parameteritem>
<parameternamelist>
<parametername>novoNome</parametername>
</parameternamelist>
<parameterdescription>
<para>O novo nome da categoria.</para>
</parameterdescription>
</parameteritem>
</parameterlist>
</para>
        </detaileddescription>
        <inbodydescription>
        </inbodydescription>
        <location file="BusinessObjectLib/Categoria.cs" line="53" column="21" bodyfile="BusinessObjectLib/Categoria.cs" bodystart="53" bodyend="57"/>
      </memberdef>
    </sectiondef>
    <briefdescription>
    </briefdescription>
    <detaileddescription>
    </detaileddescription>
    <location file="BusinessObjectLib/Categoria.cs" line="9" column="11" bodyfile="BusinessObjectLib/Categoria.cs" bodystart="10" bodyend="60"/>
    <listofallmembers>
      <member refid="class_business_object_1_1_categoria_1a71617692c9eebc0268ca2a5e94038031" prot="public" virt="non-virtual"><scope>BusinessObject::Categoria</scope><name>AtualizarNome</name></member>
      <member refid="class_business_object_1_1_categoria_1ac687cb97a8b64447040ce40c8271b169" prot="public" virt="non-virtual"><scope>BusinessObject::Categoria</scope><name>Categoria</name></member>
      <member refid="class_business_object_1_1_categoria_1accf563bcd6c36ee0db8b71728ffae085" prot="public" virt="non-virtual"><scope>BusinessObject::Categoria</scope><name>Id</name></member>
      <member refid="class_business_object_1_1_categoria_1adefb769e6c10d027eef38f06d77fbf4f" prot="private" virt="non-virtual"><scope>BusinessObject::Categoria</scope><name>idCategoria</name></member>
      <member refid="class_business_object_1_1_categoria_1aac77fd04f3c7be1557df6377e2c7c653" prot="public" virt="non-virtual"><scope>BusinessObject::Categoria</scope><name>Nome</name></member>
      <member refid="class_business_object_1_1_categoria_1a0bac8c3b3c3bbd594f020588ff54b5bc" prot="private" virt="non-virtual"><scope>BusinessObject::Categoria</scope><name>nomeCategoria</name></member>
    </listofallmembers>
  </compounddef>
</doxygen>
