<?xml version='1.0' encoding='UTF-8' standalone='no'?>
<doxygen xmlns:xsi="http://www.w3.org/2001/XMLSchema-instance" xsi:noNamespaceSchemaLocation="compound.xsd" version="1.10.0" xml:lang="en-US">
  <compounddef id="class_business_object_1_1_my_compare" kind="class" language="C#" prot="public">
    <compoundname>BusinessObject::MyCompare</compoundname>
    <basecompoundref prot="public" virt="non-virtual">IComparer</basecompoundref>
    <sectiondef kind="private-attrib">
      <memberdef kind="variable" id="class_business_object_1_1_my_compare_1ac30da33cde2305f69b3bdb77ebcfbc67" prot="private" static="no" mutable="no">
        <type><ref refid="namespace_business_object_1a851dbd949fae82e95e33f54727287c27" kindref="member">SortDirecc</ref></type>
        <definition>SortDirecc BusinessObject.MyCompare.dir</definition>
        <argsstring></argsstring>
        <name>dir</name>
        <qualifiedname>BusinessObject.MyCompare.dir</qualifiedname>
        <briefdescription>
        </briefdescription>
        <detaileddescription>
        </detaileddescription>
        <inbodydescription>
        </inbodydescription>
        <location file="BusinessObjectLib/MyCompare.cs" line="24" column="28" bodyfile="BusinessObjectLib/MyCompare.cs" bodystart="24" bodyend="-1"/>
      </memberdef>
    </sectiondef>
    <sectiondef kind="public-func">
      <memberdef kind="function" id="class_business_object_1_1_my_compare_1a4887051f2af4a3f63ae1ccfdae775460" prot="public" static="no" const="no" explicit="no" inline="yes" virt="non-virtual">
        <type></type>
        <definition>BusinessObject.MyCompare.MyCompare</definition>
        <argsstring>()</argsstring>
        <name>MyCompare</name>
        <qualifiedname>BusinessObject.MyCompare.MyCompare</qualifiedname>
        <briefdescription>
<para>Construtor padrão define a direção como ascendente. </para>
        </briefdescription>
        <detaileddescription>
        </detaileddescription>
        <inbodydescription>
        </inbodydescription>
        <location file="BusinessObjectLib/MyCompare.cs" line="29" column="16" bodyfile="BusinessObjectLib/MyCompare.cs" bodystart="29" bodyend="32"/>
      </memberdef>
      <memberdef kind="function" id="class_business_object_1_1_my_compare_1a7f880a372f41a76b2f29035bd6f181d4" prot="public" static="no" const="no" explicit="no" inline="yes" virt="non-virtual">
        <type></type>
        <definition>BusinessObject.MyCompare.MyCompare</definition>
        <argsstring>(SortDirecc dir)</argsstring>
        <name>MyCompare</name>
        <qualifiedname>BusinessObject.MyCompare.MyCompare</qualifiedname>
        <param>
          <type><ref refid="namespace_business_object_1a851dbd949fae82e95e33f54727287c27" kindref="member">SortDirecc</ref></type>
          <declname>dir</declname>
        </param>
        <briefdescription>
<para>Construtor que permite definir a direção de ordenação. </para>
        </briefdescription>
        <detaileddescription>
<para><parameterlist kind="param"><parameteritem>
<parameternamelist>
<parametername>dir</parametername>
</parameternamelist>
<parameterdescription>
</parameterdescription>
</parameteritem>
</parameterlist>
</para>
        </detaileddescription>
        <inbodydescription>
        </inbodydescription>
        <location file="BusinessObjectLib/MyCompare.cs" line="38" column="16" bodyfile="BusinessObjectLib/MyCompare.cs" bodystart="38" bodyend="41"/>
      </memberdef>
      <memberdef kind="function" id="class_business_object_1_1_my_compare_1a643e9b8ad580cfc819d28c630512635a" prot="public" static="no" const="no" explicit="no" inline="yes" virt="non-virtual">
        <type>int</type>
        <definition>int BusinessObject.MyCompare.Compare</definition>
        <argsstring>(object x, object y)</argsstring>
        <name>Compare</name>
        <qualifiedname>BusinessObject.MyCompare.Compare</qualifiedname>
        <param>
          <type>object</type>
          <declname>x</declname>
        </param>
        <param>
          <type>object</type>
          <declname>y</declname>
        </param>
        <briefdescription>
<para>Método que implementa a comparação. </para>
        </briefdescription>
        <detaileddescription>
<para><parameterlist kind="param"><parameteritem>
<parameternamelist>
<parametername>x</parametername>
</parameternamelist>
<parameterdescription>
</parameterdescription>
</parameteritem>
<parameteritem>
<parameternamelist>
<parametername>y</parametername>
</parameternamelist>
<parameterdescription>
</parameterdescription>
</parameteritem>
</parameterlist>
<simplesect kind="return"><para></para>
</simplesect>
</para>
        </detaileddescription>
        <inbodydescription>
        </inbodydescription>
        <location file="BusinessObjectLib/MyCompare.cs" line="49" column="20" bodyfile="BusinessObjectLib/MyCompare.cs" bodystart="49" bodyend="69"/>
      </memberdef>
    </sectiondef>
    <briefdescription>
<para>Classe que implementa a interface IComparer para comparação personalizada. </para>
    </briefdescription>
    <detaileddescription>
    </detaileddescription>
    <inheritancegraph>
      <node id="1">
        <label>BusinessObject.MyCompare</label>
        <link refid="class_business_object_1_1_my_compare"/>
        <childnode refid="2" relation="public-inheritance">
        </childnode>
      </node>
      <node id="2">
        <label>IComparer</label>
      </node>
    </inheritancegraph>
    <collaborationgraph>
      <node id="1">
        <label>BusinessObject.MyCompare</label>
        <link refid="class_business_object_1_1_my_compare"/>
        <childnode refid="2" relation="public-inheritance">
        </childnode>
      </node>
      <node id="2">
        <label>IComparer</label>
      </node>
    </collaborationgraph>
    <location file="BusinessObjectLib/MyCompare.cs" line="22" column="11" bodyfile="BusinessObjectLib/MyCompare.cs" bodystart="23" bodyend="70"/>
    <listofallmembers>
      <member refid="class_business_object_1_1_my_compare_1a643e9b8ad580cfc819d28c630512635a" prot="public" virt="non-virtual"><scope>BusinessObject::MyCompare</scope><name>Compare</name></member>
      <member refid="class_business_object_1_1_my_compare_1ac30da33cde2305f69b3bdb77ebcfbc67" prot="private" virt="non-virtual"><scope>BusinessObject::MyCompare</scope><name>dir</name></member>
      <member refid="class_business_object_1_1_my_compare_1a4887051f2af4a3f63ae1ccfdae775460" prot="public" virt="non-virtual"><scope>BusinessObject::MyCompare</scope><name>MyCompare</name></member>
      <member refid="class_business_object_1_1_my_compare_1a7f880a372f41a76b2f29035bd6f181d4" prot="public" virt="non-virtual"><scope>BusinessObject::MyCompare</scope><name>MyCompare</name></member>
    </listofallmembers>
  </compounddef>
</doxygen>
