<?xml version='1.0' encoding='UTF-8' standalone='no'?>
<doxygen xmlns:xsi="http://www.w3.org/2001/XMLSchema-instance" xsi:noNamespaceSchemaLocation="compound.xsd" version="1.10.0" xml:lang="en-US">
  <compounddef id="class_regras_lib_1_1_regra_utilizador" kind="class" language="C#" prot="public">
    <compoundname>RegrasLib::RegraUtilizador</compoundname>
    <sectiondef kind="public-static-func">
      <memberdef kind="function" id="class_regras_lib_1_1_regra_utilizador_1a5b412eed02ebc6442695856ee3dba96e" prot="public" static="yes" const="no" explicit="no" inline="yes" virt="non-virtual">
        <type>bool</type>
        <definition>static bool RegrasLib.RegraUtilizador.InsereUtilizadorNosDados</definition>
        <argsstring>(Utilizador u)</argsstring>
        <name>InsereUtilizadorNosDados</name>
        <qualifiedname>RegrasLib.RegraUtilizador.InsereUtilizadorNosDados</qualifiedname>
        <param>
          <type><ref refid="class_business_object_1_1_utilizador" kindref="compound">Utilizador</ref></type>
          <declname>u</declname>
        </param>
        <briefdescription>
        </briefdescription>
        <detaileddescription>
        </detaileddescription>
        <inbodydescription>
        </inbodydescription>
        <location file="RegrasLib/RegraUtilizador.cs" line="16" column="28" bodyfile="RegrasLib/RegraUtilizador.cs" bodystart="16" bodyend="29"/>
        <references refid="class_listas_lib_1_1_utilizadores_1ad928d27c0d1a6f00d00bdc1f03982087" compoundref="_utilizadores_8cs" startline="37" endline="48">ListasLib.Utilizadores.AdicionarUtilizador</references>
      </memberdef>
    </sectiondef>
    <briefdescription>
    </briefdescription>
    <detaileddescription>
    </detaileddescription>
    <location file="RegrasLib/RegraUtilizador.cs" line="14" column="11" bodyfile="RegrasLib/RegraUtilizador.cs" bodystart="15" bodyend="31"/>
    <listofallmembers>
      <member refid="class_regras_lib_1_1_regra_utilizador_1a5b412eed02ebc6442695856ee3dba96e" prot="public" virt="non-virtual"><scope>RegrasLib::RegraUtilizador</scope><name>InsereUtilizadorNosDados</name></member>
    </listofallmembers>
  </compounddef>
</doxygen>
