<?xml version='1.0' encoding='UTF-8' standalone='no'?>
<doxygen xmlns:xsi="http://www.w3.org/2001/XMLSchema-instance" xsi:noNamespaceSchemaLocation="compound.xsd" version="1.10.0" xml:lang="en-US">
  <compounddef id="class_regras_lib_1_1_regra_cliente" kind="class" language="C#" prot="public">
    <compoundname>RegrasLib::RegraCliente</compoundname>
    <sectiondef kind="public-static-func">
      <memberdef kind="function" id="class_regras_lib_1_1_regra_cliente_1a82b73ccb857719712b34f69598bc4788" prot="public" static="yes" const="no" explicit="no" inline="yes" virt="non-virtual">
        <type>bool</type>
        <definition>static bool RegrasLib.RegraCliente.InsereClienteNosDados</definition>
        <argsstring>(Cliente c)</argsstring>
        <name>InsereClienteNosDados</name>
        <qualifiedname>RegrasLib.RegraCliente.InsereClienteNosDados</qualifiedname>
        <param>
          <type><ref refid="class_business_object_1_1_cliente" kindref="compound">Cliente</ref></type>
          <declname>c</declname>
        </param>
        <briefdescription>
<para>Método para inserir um cliente nos dados. </para>
        </briefdescription>
        <detaileddescription>
<para><parameterlist kind="param"><parameteritem>
<parameternamelist>
<parametername>c</parametername>
</parameternamelist>
<parameterdescription>
</parameterdescription>
</parameteritem>
</parameterlist>
<simplesect kind="return"><para></para>
</simplesect>
<parameterlist kind="exception"><parameteritem>
<parameternamelist>
<parametername>Exception</parametername>
</parameternamelist>
<parameterdescription>
</parameterdescription>
</parameteritem>
</parameterlist>
</para>
        </detaileddescription>
        <inbodydescription>
        </inbodydescription>
        <location file="RegrasLib/RegraCliente.cs" line="24" column="28" bodyfile="RegrasLib/RegraCliente.cs" bodystart="24" bodyend="36"/>
        <references refid="class_listas_lib_1_1_clientes_1aee68849bdf5f5e81438a5fea0707149c" compoundref="_clientes_8cs" startline="37" endline="49">ListasLib.Clientes.AdicionarCliente</references>
      </memberdef>
    </sectiondef>
    <briefdescription>
<para>Classe responsável por encapsular regras de negócio relacionadas a clientes. </para>
    </briefdescription>
    <detaileddescription>
    </detaileddescription>
    <location file="RegrasLib/RegraCliente.cs" line="16" column="11" bodyfile="RegrasLib/RegraCliente.cs" bodystart="17" bodyend="37"/>
    <listofallmembers>
      <member refid="class_regras_lib_1_1_regra_cliente_1a82b73ccb857719712b34f69598bc4788" prot="public" virt="non-virtual"><scope>RegrasLib::RegraCliente</scope><name>InsereClienteNosDados</name></member>
    </listofallmembers>
  </compounddef>
</doxygen>
