<?xml version='1.0' encoding='UTF-8' standalone='no'?>
<doxygen xmlns:xsi="http://www.w3.org/2001/XMLSchema-instance" xsi:noNamespaceSchemaLocation="compound.xsd" version="1.10.0" xml:lang="en-US">
  <compounddef id="class__27975___projeto_p_o_o___comercio_1_1_pedido" kind="class" language="C#" prot="package">
    <compoundname>_27975_ProjetoPOO_Comercio::Pedido</compoundname>
    <sectiondef kind="private-attrib">
      <memberdef kind="variable" id="class__27975___projeto_p_o_o___comercio_1_1_pedido_1a4fc78fe4c32d72933a85da3ca536d988" prot="private" static="no" mutable="no">
        <type>int</type>
        <definition>int _27975_ProjetoPOO_Comercio.Pedido.idPedido</definition>
        <argsstring></argsstring>
        <name>idPedido</name>
        <qualifiedname>_27975_ProjetoPOO_Comercio.Pedido.idPedido</qualifiedname>
        <briefdescription>
<para>Representa um pedido no sistema de comércio eletrônico. </para>
        </briefdescription>
        <detaileddescription>
        </detaileddescription>
        <inbodydescription>
        </inbodydescription>
        <location file="Pedido.cs" line="18" column="13" bodyfile="Pedido.cs" bodystart="18" bodyend="-1"/>
      </memberdef>
      <memberdef kind="variable" id="class__27975___projeto_p_o_o___comercio_1_1_pedido_1abca568df67fb91b3c021f73a7484c54d" prot="private" static="no" mutable="no">
        <type>string</type>
        <definition>string _27975_ProjetoPOO_Comercio.Pedido.produtoPedido</definition>
        <argsstring></argsstring>
        <name>produtoPedido</name>
        <qualifiedname>_27975_ProjetoPOO_Comercio.Pedido.produtoPedido</qualifiedname>
        <briefdescription>
        </briefdescription>
        <detaileddescription>
        </detaileddescription>
        <inbodydescription>
        </inbodydescription>
        <location file="Pedido.cs" line="19" column="16" bodyfile="Pedido.cs" bodystart="19" bodyend="-1"/>
      </memberdef>
      <memberdef kind="variable" id="class__27975___projeto_p_o_o___comercio_1_1_pedido_1a201e651ca60bf4412cc08ef207e4a624" prot="private" static="no" mutable="no">
        <type>string</type>
        <definition>string _27975_ProjetoPOO_Comercio.Pedido.cliente</definition>
        <argsstring></argsstring>
        <name>cliente</name>
        <qualifiedname>_27975_ProjetoPOO_Comercio.Pedido.cliente</qualifiedname>
        <briefdescription>
        </briefdescription>
        <detaileddescription>
        </detaileddescription>
        <inbodydescription>
        </inbodydescription>
        <location file="Pedido.cs" line="20" column="16" bodyfile="Pedido.cs" bodystart="20" bodyend="-1"/>
      </memberdef>
      <memberdef kind="variable" id="class__27975___projeto_p_o_o___comercio_1_1_pedido_1aed2480e15029915b087909632d38d9c1" prot="private" static="no" mutable="no">
        <type>string</type>
        <definition>string _27975_ProjetoPOO_Comercio.Pedido.estadoDaEncomenda</definition>
        <argsstring></argsstring>
        <name>estadoDaEncomenda</name>
        <qualifiedname>_27975_ProjetoPOO_Comercio.Pedido.estadoDaEncomenda</qualifiedname>
        <briefdescription>
        </briefdescription>
        <detaileddescription>
        </detaileddescription>
        <inbodydescription>
        </inbodydescription>
        <location file="Pedido.cs" line="21" column="16" bodyfile="Pedido.cs" bodystart="21" bodyend="-1"/>
      </memberdef>
      <memberdef kind="variable" id="class__27975___projeto_p_o_o___comercio_1_1_pedido_1ae27842d9cb1d3893a4b2fccc9173153d" prot="private" static="no" mutable="no">
        <type>string</type>
        <definition>string _27975_ProjetoPOO_Comercio.Pedido.dataEncomenda</definition>
        <argsstring></argsstring>
        <name>dataEncomenda</name>
        <qualifiedname>_27975_ProjetoPOO_Comercio.Pedido.dataEncomenda</qualifiedname>
        <briefdescription>
        </briefdescription>
        <detaileddescription>
        </detaileddescription>
        <inbodydescription>
        </inbodydescription>
        <location file="Pedido.cs" line="22" column="16" bodyfile="Pedido.cs" bodystart="22" bodyend="-1"/>
      </memberdef>
      <memberdef kind="variable" id="class__27975___projeto_p_o_o___comercio_1_1_pedido_1a7704b8d37b4e405314fe9005a1a12170" prot="private" static="no" mutable="no">
        <type>int</type>
        <definition>int _27975_ProjetoPOO_Comercio.Pedido.valorEncomenda</definition>
        <argsstring></argsstring>
        <name>valorEncomenda</name>
        <qualifiedname>_27975_ProjetoPOO_Comercio.Pedido.valorEncomenda</qualifiedname>
        <briefdescription>
        </briefdescription>
        <detaileddescription>
        </detaileddescription>
        <inbodydescription>
        </inbodydescription>
        <location file="Pedido.cs" line="23" column="13" bodyfile="Pedido.cs" bodystart="23" bodyend="-1"/>
      </memberdef>
      <memberdef kind="variable" id="class__27975___projeto_p_o_o___comercio_1_1_pedido_1a9f8b944d917beab9c5e46ebbd548cefb" prot="private" static="no" mutable="no">
        <type>string</type>
        <definition>string _27975_ProjetoPOO_Comercio.Pedido.moradaAEnviar</definition>
        <argsstring></argsstring>
        <name>moradaAEnviar</name>
        <qualifiedname>_27975_ProjetoPOO_Comercio.Pedido.moradaAEnviar</qualifiedname>
        <briefdescription>
        </briefdescription>
        <detaileddescription>
        </detaileddescription>
        <inbodydescription>
        </inbodydescription>
        <location file="Pedido.cs" line="24" column="16" bodyfile="Pedido.cs" bodystart="24" bodyend="-1"/>
      </memberdef>
    </sectiondef>
    <sectiondef kind="property">
      <memberdef kind="property" id="class__27975___projeto_p_o_o___comercio_1_1_pedido_1a92fc25de707afbcce2987d6ec089769a" prot="public" static="no" readable="no" writable="no" gettable="yes" privategettable="no" protectedgettable="no" settable="yes" privatesettable="no" protectedsettable="no">
        <type>int</type>
        <definition>int _27975_ProjetoPOO_Comercio.Pedido.Id</definition>
        <argsstring></argsstring>
        <name>Id</name>
        <qualifiedname>_27975_ProjetoPOO_Comercio.Pedido.Id</qualifiedname>
        <briefdescription>
<para>Região que agrupa as propriedades (getters e setters) da classe. </para>
        </briefdescription>
        <detaileddescription>
        </detaileddescription>
        <inbodydescription>
        </inbodydescription>
        <location file="Pedido.cs" line="50" column="20" bodyfile="Pedido.cs" bodystart="51" bodyend="54"/>
      </memberdef>
      <memberdef kind="property" id="class__27975___projeto_p_o_o___comercio_1_1_pedido_1a6c43d4c8cff9bc4c9ff6f141026dcbf9" prot="public" static="no" readable="no" writable="no" gettable="yes" privategettable="no" protectedgettable="no" settable="yes" privatesettable="no" protectedsettable="no">
        <type>string</type>
        <definition>string _27975_ProjetoPOO_Comercio.Pedido.ProdutoPedido</definition>
        <argsstring></argsstring>
        <name>ProdutoPedido</name>
        <qualifiedname>_27975_ProjetoPOO_Comercio.Pedido.ProdutoPedido</qualifiedname>
        <briefdescription>
        </briefdescription>
        <detaileddescription>
        </detaileddescription>
        <inbodydescription>
        </inbodydescription>
        <location file="Pedido.cs" line="55" column="23" bodyfile="Pedido.cs" bodystart="56" bodyend="59"/>
      </memberdef>
      <memberdef kind="property" id="class__27975___projeto_p_o_o___comercio_1_1_pedido_1a75d418b7e839ffea43948eb59dd9bfbd" prot="public" static="no" readable="no" writable="no" gettable="yes" privategettable="no" protectedgettable="no" settable="yes" privatesettable="no" protectedsettable="no">
        <type>string</type>
        <definition>string _27975_ProjetoPOO_Comercio.Pedido.Cliente</definition>
        <argsstring></argsstring>
        <name>Cliente</name>
        <qualifiedname>_27975_ProjetoPOO_Comercio.Pedido.Cliente</qualifiedname>
        <briefdescription>
        </briefdescription>
        <detaileddescription>
        </detaileddescription>
        <inbodydescription>
        </inbodydescription>
        <location file="Pedido.cs" line="60" column="23" bodyfile="Pedido.cs" bodystart="61" bodyend="64"/>
      </memberdef>
      <memberdef kind="property" id="class__27975___projeto_p_o_o___comercio_1_1_pedido_1a03adc658ec1896e35a3d759999a4e78c" prot="public" static="no" readable="no" writable="no" gettable="yes" privategettable="no" protectedgettable="no" settable="yes" privatesettable="no" protectedsettable="no">
        <type>string</type>
        <definition>string _27975_ProjetoPOO_Comercio.Pedido.EstadoDaEncomenda</definition>
        <argsstring></argsstring>
        <name>EstadoDaEncomenda</name>
        <qualifiedname>_27975_ProjetoPOO_Comercio.Pedido.EstadoDaEncomenda</qualifiedname>
        <briefdescription>
        </briefdescription>
        <detaileddescription>
        </detaileddescription>
        <inbodydescription>
        </inbodydescription>
        <location file="Pedido.cs" line="65" column="23" bodyfile="Pedido.cs" bodystart="66" bodyend="69"/>
      </memberdef>
      <memberdef kind="property" id="class__27975___projeto_p_o_o___comercio_1_1_pedido_1af9bdca1aea4c832e31c177df28bd6972" prot="public" static="no" readable="no" writable="no" gettable="yes" privategettable="no" protectedgettable="no" settable="yes" privatesettable="no" protectedsettable="no">
        <type>int</type>
        <definition>int _27975_ProjetoPOO_Comercio.Pedido.ValorEncomenda</definition>
        <argsstring></argsstring>
        <name>ValorEncomenda</name>
        <qualifiedname>_27975_ProjetoPOO_Comercio.Pedido.ValorEncomenda</qualifiedname>
        <briefdescription>
        </briefdescription>
        <detaileddescription>
        </detaileddescription>
        <inbodydescription>
        </inbodydescription>
        <location file="Pedido.cs" line="70" column="20" bodyfile="Pedido.cs" bodystart="71" bodyend="74"/>
      </memberdef>
      <memberdef kind="property" id="class__27975___projeto_p_o_o___comercio_1_1_pedido_1ab77965930f2e86f07b5522d4edb9c91e" prot="public" static="no" readable="no" writable="no" gettable="yes" privategettable="no" protectedgettable="no" settable="yes" privatesettable="no" protectedsettable="no">
        <type>string</type>
        <definition>string _27975_ProjetoPOO_Comercio.Pedido.MoradaAEnviar</definition>
        <argsstring></argsstring>
        <name>MoradaAEnviar</name>
        <qualifiedname>_27975_ProjetoPOO_Comercio.Pedido.MoradaAEnviar</qualifiedname>
        <briefdescription>
        </briefdescription>
        <detaileddescription>
        </detaileddescription>
        <inbodydescription>
        </inbodydescription>
        <location file="Pedido.cs" line="75" column="23" bodyfile="Pedido.cs" bodystart="76" bodyend="79"/>
      </memberdef>
    </sectiondef>
    <sectiondef kind="public-func">
      <memberdef kind="function" id="class__27975___projeto_p_o_o___comercio_1_1_pedido_1a195c375c0ffa4d3005befa988eba3be1" prot="public" static="no" const="no" explicit="no" inline="yes" virt="non-virtual">
        <type></type>
        <definition>_27975_ProjetoPOO_Comercio.Pedido.Pedido</definition>
        <argsstring>(int idPedido, string produtoPedido, string cliente, string estadoDaEncomenda, string dataEncomenda, int valorEncomenda, string moradaAEnviar)</argsstring>
        <name>Pedido</name>
        <qualifiedname>_27975_ProjetoPOO_Comercio.Pedido.Pedido</qualifiedname>
        <param>
          <type>int</type>
          <declname>idPedido</declname>
        </param>
        <param>
          <type>string</type>
          <declname>produtoPedido</declname>
        </param>
        <param>
          <type>string</type>
          <declname>cliente</declname>
        </param>
        <param>
          <type>string</type>
          <declname>estadoDaEncomenda</declname>
        </param>
        <param>
          <type>string</type>
          <declname>dataEncomenda</declname>
        </param>
        <param>
          <type>int</type>
          <declname>valorEncomenda</declname>
        </param>
        <param>
          <type>string</type>
          <declname>moradaAEnviar</declname>
        </param>
        <briefdescription>
<para>Construtor padrão da classe Produto. </para>
        </briefdescription>
        <detaileddescription>
        </detaileddescription>
        <inbodydescription>
        </inbodydescription>
        <location file="Pedido.cs" line="31" column="16" bodyfile="Pedido.cs" bodystart="31" bodyend="41"/>
      </memberdef>
      <memberdef kind="function" id="class__27975___projeto_p_o_o___comercio_1_1_pedido_1ae81adc824d575692a2142390c05049b6" prot="public" static="no" const="no" explicit="no" inline="yes" virt="non-virtual">
        <type>void</type>
        <definition>void _27975_ProjetoPOO_Comercio.Pedido.AtualizarEstadoEncomenda</definition>
        <argsstring>(string novoEstado)</argsstring>
        <name>AtualizarEstadoEncomenda</name>
        <qualifiedname>_27975_ProjetoPOO_Comercio.Pedido.AtualizarEstadoEncomenda</qualifiedname>
        <param>
          <type>string</type>
          <declname>novoEstado</declname>
        </param>
        <briefdescription>
<para>Atualiza o estado da encomenda. </para>
        </briefdescription>
        <detaileddescription>
<para><parameterlist kind="param"><parameteritem>
<parameternamelist>
<parametername>novoEstado</parametername>
</parameternamelist>
<parameterdescription>
<para>Novo estado da encomenda.</para>
</parameterdescription>
</parameteritem>
</parameterlist>
</para>
        </detaileddescription>
        <inbodydescription>
        </inbodydescription>
        <location file="Pedido.cs" line="88" column="21" bodyfile="Pedido.cs" bodystart="88" bodyend="91"/>
      </memberdef>
      <memberdef kind="function" id="class__27975___projeto_p_o_o___comercio_1_1_pedido_1a1a697f7802f3eef61ae8c19946e84f1e" prot="public" static="no" const="no" explicit="no" inline="yes" virt="non-virtual">
        <type>int</type>
        <definition>int _27975_ProjetoPOO_Comercio.Pedido.CalcularValorComImposto</definition>
        <argsstring>(double taxaImposto)</argsstring>
        <name>CalcularValorComImposto</name>
        <qualifiedname>_27975_ProjetoPOO_Comercio.Pedido.CalcularValorComImposto</qualifiedname>
        <param>
          <type>double</type>
          <declname>taxaImposto</declname>
        </param>
        <briefdescription>
<para>Calcula o valor total da encomenda incluindo imposto. </para>
        </briefdescription>
        <detaileddescription>
<para><parameterlist kind="param"><parameteritem>
<parameternamelist>
<parametername>taxaImposto</parametername>
</parameternamelist>
<parameterdescription>
<para>Taxa de imposto a ser aplicada (em decimal, por exemplo, 0.20 para 20%).</para>
</parameterdescription>
</parameteritem>
</parameterlist>
<simplesect kind="return"><para>Valor total da encomenda com imposto.</para>
</simplesect>
</para>
        </detaileddescription>
        <inbodydescription>
        </inbodydescription>
        <location file="Pedido.cs" line="98" column="20" bodyfile="Pedido.cs" bodystart="98" bodyend="101"/>
      </memberdef>
    </sectiondef>
    <briefdescription>
    </briefdescription>
    <detaileddescription>
    </detaileddescription>
    <location file="Pedido.cs" line="11" column="13" bodyfile="Pedido.cs" bodystart="12" bodyend="105"/>
    <listofallmembers>
      <member refid="class__27975___projeto_p_o_o___comercio_1_1_pedido_1ae81adc824d575692a2142390c05049b6" prot="public" virt="non-virtual"><scope>_27975_ProjetoPOO_Comercio::Pedido</scope><name>AtualizarEstadoEncomenda</name></member>
      <member refid="class__27975___projeto_p_o_o___comercio_1_1_pedido_1a1a697f7802f3eef61ae8c19946e84f1e" prot="public" virt="non-virtual"><scope>_27975_ProjetoPOO_Comercio::Pedido</scope><name>CalcularValorComImposto</name></member>
      <member refid="class__27975___projeto_p_o_o___comercio_1_1_pedido_1a201e651ca60bf4412cc08ef207e4a624" prot="private" virt="non-virtual"><scope>_27975_ProjetoPOO_Comercio::Pedido</scope><name>cliente</name></member>
      <member refid="class__27975___projeto_p_o_o___comercio_1_1_pedido_1a75d418b7e839ffea43948eb59dd9bfbd" prot="public" virt="non-virtual"><scope>_27975_ProjetoPOO_Comercio::Pedido</scope><name>Cliente</name></member>
      <member refid="class__27975___projeto_p_o_o___comercio_1_1_pedido_1ae27842d9cb1d3893a4b2fccc9173153d" prot="private" virt="non-virtual"><scope>_27975_ProjetoPOO_Comercio::Pedido</scope><name>dataEncomenda</name></member>
      <member refid="class__27975___projeto_p_o_o___comercio_1_1_pedido_1aed2480e15029915b087909632d38d9c1" prot="private" virt="non-virtual"><scope>_27975_ProjetoPOO_Comercio::Pedido</scope><name>estadoDaEncomenda</name></member>
      <member refid="class__27975___projeto_p_o_o___comercio_1_1_pedido_1a03adc658ec1896e35a3d759999a4e78c" prot="public" virt="non-virtual"><scope>_27975_ProjetoPOO_Comercio::Pedido</scope><name>EstadoDaEncomenda</name></member>
      <member refid="class__27975___projeto_p_o_o___comercio_1_1_pedido_1a92fc25de707afbcce2987d6ec089769a" prot="public" virt="non-virtual"><scope>_27975_ProjetoPOO_Comercio::Pedido</scope><name>Id</name></member>
      <member refid="class__27975___projeto_p_o_o___comercio_1_1_pedido_1a4fc78fe4c32d72933a85da3ca536d988" prot="private" virt="non-virtual"><scope>_27975_ProjetoPOO_Comercio::Pedido</scope><name>idPedido</name></member>
      <member refid="class__27975___projeto_p_o_o___comercio_1_1_pedido_1a9f8b944d917beab9c5e46ebbd548cefb" prot="private" virt="non-virtual"><scope>_27975_ProjetoPOO_Comercio::Pedido</scope><name>moradaAEnviar</name></member>
      <member refid="class__27975___projeto_p_o_o___comercio_1_1_pedido_1ab77965930f2e86f07b5522d4edb9c91e" prot="public" virt="non-virtual"><scope>_27975_ProjetoPOO_Comercio::Pedido</scope><name>MoradaAEnviar</name></member>
      <member refid="class__27975___projeto_p_o_o___comercio_1_1_pedido_1a195c375c0ffa4d3005befa988eba3be1" prot="public" virt="non-virtual"><scope>_27975_ProjetoPOO_Comercio::Pedido</scope><name>Pedido</name></member>
      <member refid="class__27975___projeto_p_o_o___comercio_1_1_pedido_1abca568df67fb91b3c021f73a7484c54d" prot="private" virt="non-virtual"><scope>_27975_ProjetoPOO_Comercio::Pedido</scope><name>produtoPedido</name></member>
      <member refid="class__27975___projeto_p_o_o___comercio_1_1_pedido_1a6c43d4c8cff9bc4c9ff6f141026dcbf9" prot="public" virt="non-virtual"><scope>_27975_ProjetoPOO_Comercio::Pedido</scope><name>ProdutoPedido</name></member>
      <member refid="class__27975___projeto_p_o_o___comercio_1_1_pedido_1a7704b8d37b4e405314fe9005a1a12170" prot="private" virt="non-virtual"><scope>_27975_ProjetoPOO_Comercio::Pedido</scope><name>valorEncomenda</name></member>
      <member refid="class__27975___projeto_p_o_o___comercio_1_1_pedido_1af9bdca1aea4c832e31c177df28bd6972" prot="public" virt="non-virtual"><scope>_27975_ProjetoPOO_Comercio::Pedido</scope><name>ValorEncomenda</name></member>
    </listofallmembers>
  </compounddef>
</doxygen>
