<?xml version='1.0' encoding='UTF-8' standalone='no'?>
<doxygen xmlns:xsi="http://www.w3.org/2001/XMLSchema-instance" xsi:noNamespaceSchemaLocation="compound.xsd" version="1.10.0" xml:lang="en-US">
  <compounddef id="class__27975___projeto_p_o_o___comercio_1_1_admin" kind="class" language="C#" prot="public">
    <compoundname>_27975_ProjetoPOO_Comercio::Admin</compoundname>
    <basecompoundref prot="public" virt="non-virtual">_27975_ProjetoPOO_Comercio.Utilizador</basecompoundref>
    <sectiondef kind="private-attrib">
      <memberdef kind="variable" id="class__27975___projeto_p_o_o___comercio_1_1_admin_1af32bc88ab3413621c08b8957c1d534c8" prot="private" static="no" mutable="no">
        <type>int</type>
        <definition>int _27975_ProjetoPOO_Comercio.Admin.id</definition>
        <argsstring></argsstring>
        <name>id</name>
        <qualifiedname>_27975_ProjetoPOO_Comercio.Admin.id</qualifiedname>
        <briefdescription>
<para>Representa um Admim no sistema de comércio eletrônico. </para>
        </briefdescription>
        <detaileddescription>
        </detaileddescription>
        <inbodydescription>
        </inbodydescription>
        <location file="Admin.cs" line="18" column="13" bodyfile="Admin.cs" bodystart="18" bodyend="-1"/>
      </memberdef>
      <memberdef kind="variable" id="class__27975___projeto_p_o_o___comercio_1_1_admin_1a1110516859bbd39044543d50a11ff3af" prot="private" static="no" mutable="no">
        <type>string</type>
        <definition>string _27975_ProjetoPOO_Comercio.Admin.nome</definition>
        <argsstring></argsstring>
        <name>nome</name>
        <qualifiedname>_27975_ProjetoPOO_Comercio.Admin.nome</qualifiedname>
        <briefdescription>
        </briefdescription>
        <detaileddescription>
        </detaileddescription>
        <inbodydescription>
        </inbodydescription>
        <location file="Admin.cs" line="19" column="16" bodyfile="Admin.cs" bodystart="19" bodyend="-1"/>
      </memberdef>
      <memberdef kind="variable" id="class__27975___projeto_p_o_o___comercio_1_1_admin_1a4ae6e9a954a9d94b299fcf12e637c7aa" prot="private" static="no" mutable="no">
        <type>string</type>
        <definition>string _27975_ProjetoPOO_Comercio.Admin.email</definition>
        <argsstring></argsstring>
        <name>email</name>
        <qualifiedname>_27975_ProjetoPOO_Comercio.Admin.email</qualifiedname>
        <briefdescription>
        </briefdescription>
        <detaileddescription>
        </detaileddescription>
        <inbodydescription>
        </inbodydescription>
        <location file="Admin.cs" line="20" column="16" bodyfile="Admin.cs" bodystart="20" bodyend="-1"/>
      </memberdef>
      <memberdef kind="variable" id="class__27975___projeto_p_o_o___comercio_1_1_admin_1a9e8ff0221f7b45d8275f37286d7d05dd" prot="private" static="no" mutable="no">
        <type>string</type>
        <definition>string _27975_ProjetoPOO_Comercio.Admin.nivelAcesso</definition>
        <argsstring></argsstring>
        <name>nivelAcesso</name>
        <qualifiedname>_27975_ProjetoPOO_Comercio.Admin.nivelAcesso</qualifiedname>
        <briefdescription>
        </briefdescription>
        <detaileddescription>
        </detaileddescription>
        <inbodydescription>
        </inbodydescription>
        <location file="Admin.cs" line="21" column="16" bodyfile="Admin.cs" bodystart="21" bodyend="-1"/>
      </memberdef>
      <memberdef kind="variable" id="class__27975___projeto_p_o_o___comercio_1_1_admin_1a2efbc8e4cb28682b8f63787c365f2d60" prot="private" static="no" mutable="no">
        <type>string</type>
        <definition>string _27975_ProjetoPOO_Comercio.Admin.nTelemovel</definition>
        <argsstring></argsstring>
        <name>nTelemovel</name>
        <qualifiedname>_27975_ProjetoPOO_Comercio.Admin.nTelemovel</qualifiedname>
        <briefdescription>
        </briefdescription>
        <detaileddescription>
        </detaileddescription>
        <inbodydescription>
        </inbodydescription>
        <location file="Admin.cs" line="22" column="16" bodyfile="Admin.cs" bodystart="22" bodyend="-1"/>
      </memberdef>
    </sectiondef>
    <sectiondef kind="property">
      <memberdef kind="property" id="class__27975___projeto_p_o_o___comercio_1_1_admin_1a8124bd2122817a5848423225296a440b" prot="public" static="no" readable="no" writable="no" gettable="yes" privategettable="no" protectedgettable="no" settable="yes" privatesettable="no" protectedsettable="no">
        <type>string</type>
        <definition>string _27975_ProjetoPOO_Comercio.Admin.NivelAcesso</definition>
        <argsstring></argsstring>
        <name>NivelAcesso</name>
        <qualifiedname>_27975_ProjetoPOO_Comercio.Admin.NivelAcesso</qualifiedname>
        <briefdescription>
<para>Região que agrupa as propriedades (getters e setters) da classe. </para>
        </briefdescription>
        <detaileddescription>
        </detaileddescription>
        <inbodydescription>
        </inbodydescription>
        <location file="Admin.cs" line="30" column="23" bodyfile="Admin.cs" bodystart="30" bodyend="33"/>
        <referencedby refid="class__27975___projeto_p_o_o___comercio_1_1_admin_1a5e195563ca4192ad36ee2e340dfefd12" compoundref="_admin_8cs" startline="44" endline="48">_27975_ProjetoPOO_Comercio.Admin.Admin</referencedby>
        <referencedby refid="class__27975___projeto_p_o_o___comercio_1_1_admin_1a684d9f97dd8fdc702d5e223202adab48" compoundref="_admin_8cs" startline="55" endline="61">_27975_ProjetoPOO_Comercio.Admin.MostrarInformacoes</referencedby>
      </memberdef>
    </sectiondef>
    <sectiondef kind="public-func">
      <memberdef kind="function" id="class__27975___projeto_p_o_o___comercio_1_1_admin_1a5e195563ca4192ad36ee2e340dfefd12" prot="public" static="no" const="no" explicit="no" inline="yes" virt="non-virtual">
        <type></type>
        <definition>_27975_ProjetoPOO_Comercio.Admin.Admin</definition>
        <argsstring>(int id, string nome, string email, string nivelAcesso)</argsstring>
        <name>Admin</name>
        <qualifiedname>_27975_ProjetoPOO_Comercio.Admin.Admin</qualifiedname>
        <param>
          <type>int</type>
          <declname>id</declname>
        </param>
        <param>
          <type>string</type>
          <declname>nome</declname>
        </param>
        <param>
          <type>string</type>
          <declname>email</declname>
        </param>
        <param>
          <type>string</type>
          <declname>nivelAcesso</declname>
        </param>
        <briefdescription>
<para>Construtor da classe Admin que chama o construtor da base. </para>
        </briefdescription>
        <detaileddescription>
<para><parameterlist kind="param"><parameteritem>
<parameternamelist>
<parametername>id</parametername>
</parameternamelist>
<parameterdescription>
</parameterdescription>
</parameteritem>
<parameteritem>
<parameternamelist>
<parametername>nome</parametername>
</parameternamelist>
<parameterdescription>
</parameterdescription>
</parameteritem>
<parameteritem>
<parameternamelist>
<parametername>email</parametername>
</parameternamelist>
<parameterdescription>
</parameterdescription>
</parameteritem>
<parameteritem>
<parameternamelist>
<parametername>nivelAcesso</parametername>
</parameternamelist>
<parameterdescription>
</parameterdescription>
</parameteritem>
</parameterlist>
</para>
        </detaileddescription>
        <inbodydescription>
        </inbodydescription>
        <location file="Admin.cs" line="44" column="16" bodyfile="Admin.cs" bodystart="44" bodyend="48"/>
        <references refid="class__27975___projeto_p_o_o___comercio_1_1_admin_1a8124bd2122817a5848423225296a440b" compoundref="_admin_8cs" startline="30" endline="33">_27975_ProjetoPOO_Comercio.Admin.NivelAcesso</references>
      </memberdef>
      <memberdef kind="function" id="class__27975___projeto_p_o_o___comercio_1_1_admin_1a684d9f97dd8fdc702d5e223202adab48" prot="public" static="no" const="no" explicit="no" inline="yes" virt="non-virtual">
        <type>override void</type>
        <definition>override void _27975_ProjetoPOO_Comercio.Admin.MostrarInformacoes</definition>
        <argsstring>()</argsstring>
        <name>MostrarInformacoes</name>
        <qualifiedname>_27975_ProjetoPOO_Comercio.Admin.MostrarInformacoes</qualifiedname>
        <briefdescription>
<para>Sobrescrita do método MostrarInformacoes para incluir mais detalhes. </para>
        </briefdescription>
        <detaileddescription>
        </detaileddescription>
        <inbodydescription>
        </inbodydescription>
        <location file="Admin.cs" line="55" column="30" bodyfile="Admin.cs" bodystart="55" bodyend="61"/>
        <references refid="class__27975___projeto_p_o_o___comercio_1_1_admin_1a8124bd2122817a5848423225296a440b" compoundref="_admin_8cs" startline="30" endline="33">_27975_ProjetoPOO_Comercio.Admin.NivelAcesso</references>
      </memberdef>
    </sectiondef>
    <briefdescription>
    </briefdescription>
    <detaileddescription>
    </detaileddescription>
    <inheritancegraph>
      <node id="2">
        <label>Utilizador</label>
      </node>
      <node id="1">
        <label>_27975_ProjetoPOO_Comercio.Admin</label>
        <link refid="class__27975___projeto_p_o_o___comercio_1_1_admin"/>
        <childnode refid="2" relation="public-inheritance">
        </childnode>
      </node>
    </inheritancegraph>
    <collaborationgraph>
      <node id="2">
        <label>Utilizador</label>
      </node>
      <node id="1">
        <label>_27975_ProjetoPOO_Comercio.Admin</label>
        <link refid="class__27975___projeto_p_o_o___comercio_1_1_admin"/>
        <childnode refid="2" relation="public-inheritance">
        </childnode>
      </node>
    </collaborationgraph>
    <location file="Admin.cs" line="10" column="6" bodyfile="Admin.cs" bodystart="11" bodyend="62"/>
    <listofallmembers>
      <member refid="class__27975___projeto_p_o_o___comercio_1_1_admin_1a5e195563ca4192ad36ee2e340dfefd12" prot="public" virt="non-virtual"><scope>_27975_ProjetoPOO_Comercio::Admin</scope><name>Admin</name></member>
      <member refid="class__27975___projeto_p_o_o___comercio_1_1_admin_1a4ae6e9a954a9d94b299fcf12e637c7aa" prot="private" virt="non-virtual"><scope>_27975_ProjetoPOO_Comercio::Admin</scope><name>email</name></member>
      <member refid="class__27975___projeto_p_o_o___comercio_1_1_utilizador_1a8a5ac5220030e2b67093cca87d94c621" prot="public" virt="non-virtual"><scope>_27975_ProjetoPOO_Comercio::Admin</scope><name>Email</name></member>
      <member refid="class__27975___projeto_p_o_o___comercio_1_1_admin_1af32bc88ab3413621c08b8957c1d534c8" prot="private" virt="non-virtual"><scope>_27975_ProjetoPOO_Comercio::Admin</scope><name>id</name></member>
      <member refid="class__27975___projeto_p_o_o___comercio_1_1_utilizador_1a81bec2129b6b5250fb13f7639afa5c01" prot="public" virt="non-virtual"><scope>_27975_ProjetoPOO_Comercio::Admin</scope><name>Id</name></member>
      <member refid="class__27975___projeto_p_o_o___comercio_1_1_admin_1a684d9f97dd8fdc702d5e223202adab48" prot="public" virt="non-virtual"><scope>_27975_ProjetoPOO_Comercio::Admin</scope><name>MostrarInformacoes</name></member>
      <member refid="class__27975___projeto_p_o_o___comercio_1_1_admin_1a9e8ff0221f7b45d8275f37286d7d05dd" prot="private" virt="non-virtual"><scope>_27975_ProjetoPOO_Comercio::Admin</scope><name>nivelAcesso</name></member>
      <member refid="class__27975___projeto_p_o_o___comercio_1_1_admin_1a8124bd2122817a5848423225296a440b" prot="public" virt="non-virtual"><scope>_27975_ProjetoPOO_Comercio::Admin</scope><name>NivelAcesso</name></member>
      <member refid="class__27975___projeto_p_o_o___comercio_1_1_admin_1a1110516859bbd39044543d50a11ff3af" prot="private" virt="non-virtual"><scope>_27975_ProjetoPOO_Comercio::Admin</scope><name>nome</name></member>
      <member refid="class__27975___projeto_p_o_o___comercio_1_1_utilizador_1a03e2e4abaeb29f287db61fb75531bb79" prot="public" virt="non-virtual"><scope>_27975_ProjetoPOO_Comercio::Admin</scope><name>Nome</name></member>
      <member refid="class__27975___projeto_p_o_o___comercio_1_1_admin_1a2efbc8e4cb28682b8f63787c365f2d60" prot="private" virt="non-virtual"><scope>_27975_ProjetoPOO_Comercio::Admin</scope><name>nTelemovel</name></member>
      <member refid="class__27975___projeto_p_o_o___comercio_1_1_utilizador_1a5d302b722a9904f27f39179b21a0c873" prot="public" virt="non-virtual"><scope>_27975_ProjetoPOO_Comercio::Admin</scope><name>NTelemovel</name></member>
      <member refid="class__27975___projeto_p_o_o___comercio_1_1_utilizador_1aaf2806d0e50d2ae1b985af814af519c8" prot="public" virt="non-virtual"><scope>_27975_ProjetoPOO_Comercio::Admin</scope><name>Utilizador</name></member>
    </listofallmembers>
  </compounddef>
</doxygen>
