<?xml version='1.0' encoding='UTF-8' standalone='no'?>
<doxygen xmlns:xsi="http://www.w3.org/2001/XMLSchema-instance" xsi:noNamespaceSchemaLocation="compound.xsd" version="1.10.0" xml:lang="en-US">
  <compounddef id="class_excecoes_lib_1_1_cliente_nao_encontrado" kind="class" language="C#" prot="public">
    <compoundname>ExcecoesLib::ClienteNaoEncontrado</compoundname>
    <basecompoundref prot="public" virt="non-virtual">ApplicationException</basecompoundref>
    <sectiondef kind="public-func">
      <memberdef kind="function" id="class_excecoes_lib_1_1_cliente_nao_encontrado_1a20c578a29180eadbf73ac35f9e436788" prot="public" static="no" const="no" explicit="no" inline="yes" virt="non-virtual">
        <type></type>
        <definition>ExcecoesLib.ClienteNaoEncontrado.ClienteNaoEncontrado</definition>
        <argsstring>()</argsstring>
        <name>ClienteNaoEncontrado</name>
        <qualifiedname>ExcecoesLib.ClienteNaoEncontrado.ClienteNaoEncontrado</qualifiedname>
        <briefdescription>
<para>Construtor sem parâmetros, usando uma mensagem padrão. </para>
        </briefdescription>
        <detaileddescription>
        </detaileddescription>
        <inbodydescription>
        </inbodydescription>
        <location file="ExcecoesLib/ClienteNaoEncontrado.cs" line="17" column="16" bodyfile="ExcecoesLib/ClienteNaoEncontrado.cs" bodystart="17" bodyend="17"/>
      </memberdef>
      <memberdef kind="function" id="class_excecoes_lib_1_1_cliente_nao_encontrado_1a7162333bc0d955f950e713553f418dc9" prot="public" static="no" const="no" explicit="no" inline="yes" virt="non-virtual">
        <type></type>
        <definition>ExcecoesLib.ClienteNaoEncontrado.ClienteNaoEncontrado</definition>
        <argsstring>(string mensagem)</argsstring>
        <name>ClienteNaoEncontrado</name>
        <qualifiedname>ExcecoesLib.ClienteNaoEncontrado.ClienteNaoEncontrado</qualifiedname>
        <param>
          <type>string</type>
          <declname>mensagem</declname>
        </param>
        <briefdescription>
<para>Construtor que permite passar uma mensagem personalizada. </para>
        </briefdescription>
        <detaileddescription>
<para><parameterlist kind="param"><parameteritem>
<parameternamelist>
<parametername>mensagem</parametername>
</parameternamelist>
<parameterdescription>
</parameterdescription>
</parameteritem>
</parameterlist>
</para>
        </detaileddescription>
        <inbodydescription>
        </inbodydescription>
        <location file="ExcecoesLib/ClienteNaoEncontrado.cs" line="23" column="16" bodyfile="ExcecoesLib/ClienteNaoEncontrado.cs" bodystart="23" bodyend="23"/>
      </memberdef>
      <memberdef kind="function" id="class_excecoes_lib_1_1_cliente_nao_encontrado_1a1e64514cb05377cee74de6245a493f3d" prot="public" static="no" const="no" explicit="no" inline="yes" virt="non-virtual">
        <type></type>
        <definition>ExcecoesLib.ClienteNaoEncontrado.ClienteNaoEncontrado</definition>
        <argsstring>(string mensagem, Exception inner)</argsstring>
        <name>ClienteNaoEncontrado</name>
        <qualifiedname>ExcecoesLib.ClienteNaoEncontrado.ClienteNaoEncontrado</qualifiedname>
        <param>
          <type>string</type>
          <declname>mensagem</declname>
        </param>
        <param>
          <type>Exception</type>
          <declname>inner</declname>
        </param>
        <briefdescription>
<para>Construtor que permite passar uma mensagem personalizada e uma exceção interna. </para>
        </briefdescription>
        <detaileddescription>
<para><parameterlist kind="param"><parameteritem>
<parameternamelist>
<parametername>mensagem</parametername>
</parameternamelist>
<parameterdescription>
</parameterdescription>
</parameteritem>
<parameteritem>
<parameternamelist>
<parametername>inner</parametername>
</parameternamelist>
<parameterdescription>
</parameterdescription>
</parameteritem>
</parameterlist>
</para>
        </detaileddescription>
        <inbodydescription>
        </inbodydescription>
        <location file="ExcecoesLib/ClienteNaoEncontrado.cs" line="30" column="16" bodyfile="ExcecoesLib/ClienteNaoEncontrado.cs" bodystart="30" bodyend="30"/>
      </memberdef>
    </sectiondef>
    <briefdescription>
<para>Exceção para quando um cliente não for encontrado. </para>
    </briefdescription>
    <detaileddescription>
    </detaileddescription>
    <inheritancegraph>
      <node id="2">
        <label>ApplicationException</label>
      </node>
      <node id="1">
        <label>ExcecoesLib.ClienteNaoEncontrado</label>
        <link refid="class_excecoes_lib_1_1_cliente_nao_encontrado"/>
        <childnode refid="2" relation="public-inheritance">
        </childnode>
      </node>
    </inheritancegraph>
    <collaborationgraph>
      <node id="2">
        <label>ApplicationException</label>
      </node>
      <node id="1">
        <label>ExcecoesLib.ClienteNaoEncontrado</label>
        <link refid="class_excecoes_lib_1_1_cliente_nao_encontrado"/>
        <childnode refid="2" relation="public-inheritance">
        </childnode>
      </node>
    </collaborationgraph>
    <location file="ExcecoesLib/ClienteNaoEncontrado.cs" line="12" column="11" bodyfile="ExcecoesLib/ClienteNaoEncontrado.cs" bodystart="13" bodyend="31"/>
    <listofallmembers>
      <member refid="class_excecoes_lib_1_1_cliente_nao_encontrado_1a20c578a29180eadbf73ac35f9e436788" prot="public" virt="non-virtual"><scope>ExcecoesLib::ClienteNaoEncontrado</scope><name>ClienteNaoEncontrado</name></member>
      <member refid="class_excecoes_lib_1_1_cliente_nao_encontrado_1a7162333bc0d955f950e713553f418dc9" prot="public" virt="non-virtual"><scope>ExcecoesLib::ClienteNaoEncontrado</scope><name>ClienteNaoEncontrado</name></member>
      <member refid="class_excecoes_lib_1_1_cliente_nao_encontrado_1a1e64514cb05377cee74de6245a493f3d" prot="public" virt="non-virtual"><scope>ExcecoesLib::ClienteNaoEncontrado</scope><name>ClienteNaoEncontrado</name></member>
    </listofallmembers>
  </compounddef>
</doxygen>
