<?xml version='1.0' encoding='UTF-8' standalone='no'?>
<doxygen xmlns:xsi="http://www.w3.org/2001/XMLSchema-instance" xsi:noNamespaceSchemaLocation="compound.xsd" version="1.10.0" xml:lang="en-US">
  <compounddef id="class_listas_lib_1_1_utilizadores" kind="class" language="C#" prot="public">
    <compoundname>ListasLib::Utilizadores</compoundname>
    <sectiondef kind="private-static-attrib">
      <memberdef kind="variable" id="class_listas_lib_1_1_utilizadores_1afb94fcf3a0f3d1631a382694d1c53eae" prot="private" static="yes" mutable="no">
        <type>List&lt; <ref refid="class_business_object_1_1_utilizador" kindref="compound">Utilizador</ref> &gt;</type>
        <definition>List&lt;Utilizador&gt; ListasLib.Utilizadores.listaUtilizadores</definition>
        <argsstring></argsstring>
        <name>listaUtilizadores</name>
        <qualifiedname>ListasLib.Utilizadores.listaUtilizadores</qualifiedname>
        <briefdescription>
<para>Lista de utilizadores no sistema. </para>
        </briefdescription>
        <detaileddescription>
        </detaileddescription>
        <inbodydescription>
        </inbodydescription>
        <location file="ListasLib/Utilizadores.cs" line="19" column="29" bodyfile="ListasLib/Utilizadores.cs" bodystart="19" bodyend="-1"/>
      </memberdef>
    </sectiondef>
    <sectiondef kind="private-static-func">
      <memberdef kind="function" id="class_listas_lib_1_1_utilizadores_1ad2e7417aac885ef9bc4e70ebcd9015ec" prot="private" static="yes" const="no" explicit="no" inline="yes" virt="non-virtual">
        <type>static</type>
        <definition>static ListasLib.Utilizadores.Utilizadores</definition>
        <argsstring>()</argsstring>
        <name>Utilizadores</name>
        <qualifiedname>ListasLib.Utilizadores.Utilizadores</qualifiedname>
        <briefdescription>
<para>Construtor para inicializar a lista de utilizadores. </para>
        </briefdescription>
        <detaileddescription>
        </detaileddescription>
        <inbodydescription>
        </inbodydescription>
        <location file="ListasLib/Utilizadores.cs" line="26" column="17" bodyfile="ListasLib/Utilizadores.cs" bodystart="26" bodyend="29"/>
      </memberdef>
    </sectiondef>
    <sectiondef kind="public-static-func">
      <memberdef kind="function" id="class_listas_lib_1_1_utilizadores_1ad928d27c0d1a6f00d00bdc1f03982087" prot="public" static="yes" const="no" explicit="no" inline="yes" virt="non-virtual">
        <type>bool</type>
        <definition>static bool ListasLib.Utilizadores.AdicionarUtilizador</definition>
        <argsstring>(Utilizador utilizador)</argsstring>
        <name>AdicionarUtilizador</name>
        <qualifiedname>ListasLib.Utilizadores.AdicionarUtilizador</qualifiedname>
        <param>
          <type><ref refid="class_business_object_1_1_utilizador" kindref="compound">Utilizador</ref></type>
          <declname>utilizador</declname>
        </param>
        <briefdescription>
<para>Adiciona um novo utilizador à lista. </para>
        </briefdescription>
        <detaileddescription>
<para><parameterlist kind="param"><parameteritem>
<parameternamelist>
<parametername>utilizador</parametername>
</parameternamelist>
<parameterdescription>
<para>Objeto do tipo Utilizador a ser adicionado</para>
</parameterdescription>
</parameteritem>
</parameterlist>
</para>
        </detaileddescription>
        <inbodydescription>
        </inbodydescription>
        <location file="ListasLib/Utilizadores.cs" line="37" column="28" bodyfile="ListasLib/Utilizadores.cs" bodystart="37" bodyend="48"/>
        <referencedby refid="class_regras_lib_1_1_regra_utilizador_1a5b412eed02ebc6442695856ee3dba96e" compoundref="_regra_utilizador_8cs" startline="16" endline="29">RegrasLib.RegraUtilizador.InsereUtilizadorNosDados</referencedby>
      </memberdef>
      <memberdef kind="function" id="class_listas_lib_1_1_utilizadores_1a8acf1eb769e7c46fd150c0e49d5952aa" prot="public" static="yes" const="no" explicit="no" inline="yes" virt="non-virtual">
        <type>bool</type>
        <definition>static bool ListasLib.Utilizadores.RemoverCategoria</definition>
        <argsstring>(int id)</argsstring>
        <name>RemoverCategoria</name>
        <qualifiedname>ListasLib.Utilizadores.RemoverCategoria</qualifiedname>
        <param>
          <type>int</type>
          <declname>id</declname>
        </param>
        <briefdescription>
<para>Remove um utilzador da lista com base no ID. </para>
        </briefdescription>
        <detaileddescription>
<para><parameterlist kind="param"><parameteritem>
<parameternamelist>
<parametername>id</parametername>
</parameternamelist>
<parameterdescription>
<para>ID de utilzadores a ser removida.</para>
</parameterdescription>
</parameteritem>
</parameterlist>
</para>
        </detaileddescription>
        <inbodydescription>
        </inbodydescription>
        <location file="ListasLib/Utilizadores.cs" line="54" column="28" bodyfile="ListasLib/Utilizadores.cs" bodystart="54" bodyend="67"/>
      </memberdef>
      <memberdef kind="function" id="class_listas_lib_1_1_utilizadores_1a1f3687e6c27b1985e78d52abde9fbff3" prot="public" static="yes" const="no" explicit="no" inline="yes" virt="non-virtual">
        <type>bool</type>
        <definition>static bool ListasLib.Utilizadores.Existe</definition>
        <argsstring>(int id)</argsstring>
        <name>Existe</name>
        <qualifiedname>ListasLib.Utilizadores.Existe</qualifiedname>
        <param>
          <type>int</type>
          <declname>id</declname>
        </param>
        <briefdescription>
<para>Verifica se um utilizador existe na lista pelo ID. </para>
        </briefdescription>
        <detaileddescription>
<para><parameterlist kind="param"><parameteritem>
<parameternamelist>
<parametername>id</parametername>
</parameternamelist>
<parameterdescription>
<para>ID utilizador.</para>
</parameterdescription>
</parameteritem>
</parameterlist>
<simplesect kind="return"><para>Verdadeiro se utilzador existir; falso caso contrário.</para>
</simplesect>
</para>
        </detaileddescription>
        <inbodydescription>
        </inbodydescription>
        <location file="ListasLib/Utilizadores.cs" line="74" column="28" bodyfile="ListasLib/Utilizadores.cs" bodystart="74" bodyend="86"/>
      </memberdef>
      <memberdef kind="function" id="class_listas_lib_1_1_utilizadores_1acc896b039b2673e1ecdfee84497e27c8" prot="public" static="yes" const="no" explicit="no" inline="yes" virt="non-virtual">
        <type>void</type>
        <definition>static void ListasLib.Utilizadores.GuardarParaFicheiro</definition>
        <argsstring>(string cdFile)</argsstring>
        <name>GuardarParaFicheiro</name>
        <qualifiedname>ListasLib.Utilizadores.GuardarParaFicheiro</qualifiedname>
        <param>
          <type>string</type>
          <declname>cdFile</declname>
        </param>
        <briefdescription>
<para>Guardar a lista de utilizadores em um ficheiro. </para>
        </briefdescription>
        <detaileddescription>
<para><parameterlist kind="param"><parameteritem>
<parameternamelist>
<parametername>cdFile</parametername>
</parameternamelist>
<parameterdescription>
<para>Caminho do ficheiro onde os dados serão guardados.</para>
</parameterdescription>
</parameteritem>
</parameterlist>
</para>
        </detaileddescription>
        <inbodydescription>
        </inbodydescription>
        <location file="ListasLib/Utilizadores.cs" line="92" column="28" bodyfile="ListasLib/Utilizadores.cs" bodystart="92" bodyend="102"/>
      </memberdef>
      <memberdef kind="function" id="class_listas_lib_1_1_utilizadores_1a5671c3dbc011a5e2f6cbcc1ee698a937" prot="public" static="yes" const="no" explicit="no" inline="yes" virt="non-virtual">
        <type>void</type>
        <definition>static void ListasLib.Utilizadores.CarregarDeFicheiro</definition>
        <argsstring>(string cdFile)</argsstring>
        <name>CarregarDeFicheiro</name>
        <qualifiedname>ListasLib.Utilizadores.CarregarDeFicheiro</qualifiedname>
        <param>
          <type>string</type>
          <declname>cdFile</declname>
        </param>
        <briefdescription>
<para>Carrega a lista de utilizadores de um ficheiro. </para>
        </briefdescription>
        <detaileddescription>
<para><parameterlist kind="param"><parameteritem>
<parameternamelist>
<parametername>cdFile</parametername>
</parameternamelist>
<parameterdescription>
<para>Caminho do ficheiro a ser carregado.</para>
</parameterdescription>
</parameteritem>
</parameterlist>
</para>
        </detaileddescription>
        <inbodydescription>
        </inbodydescription>
        <location file="ListasLib/Utilizadores.cs" line="108" column="28" bodyfile="ListasLib/Utilizadores.cs" bodystart="108" bodyend="118"/>
      </memberdef>
    </sectiondef>
    <briefdescription>
    </briefdescription>
    <detaileddescription>
    </detaileddescription>
    <location file="ListasLib/Utilizadores.cs" line="13" column="11" bodyfile="ListasLib/Utilizadores.cs" bodystart="14" bodyend="120"/>
    <listofallmembers>
      <member refid="class_listas_lib_1_1_utilizadores_1ad928d27c0d1a6f00d00bdc1f03982087" prot="public" virt="non-virtual"><scope>ListasLib::Utilizadores</scope><name>AdicionarUtilizador</name></member>
      <member refid="class_listas_lib_1_1_utilizadores_1a5671c3dbc011a5e2f6cbcc1ee698a937" prot="public" virt="non-virtual"><scope>ListasLib::Utilizadores</scope><name>CarregarDeFicheiro</name></member>
      <member refid="class_listas_lib_1_1_utilizadores_1a1f3687e6c27b1985e78d52abde9fbff3" prot="public" virt="non-virtual"><scope>ListasLib::Utilizadores</scope><name>Existe</name></member>
      <member refid="class_listas_lib_1_1_utilizadores_1acc896b039b2673e1ecdfee84497e27c8" prot="public" virt="non-virtual"><scope>ListasLib::Utilizadores</scope><name>GuardarParaFicheiro</name></member>
      <member refid="class_listas_lib_1_1_utilizadores_1afb94fcf3a0f3d1631a382694d1c53eae" prot="private" virt="non-virtual"><scope>ListasLib::Utilizadores</scope><name>listaUtilizadores</name></member>
      <member refid="class_listas_lib_1_1_utilizadores_1a8acf1eb769e7c46fd150c0e49d5952aa" prot="public" virt="non-virtual"><scope>ListasLib::Utilizadores</scope><name>RemoverCategoria</name></member>
      <member refid="class_listas_lib_1_1_utilizadores_1ad2e7417aac885ef9bc4e70ebcd9015ec" prot="private" virt="non-virtual"><scope>ListasLib::Utilizadores</scope><name>Utilizadores</name></member>
    </listofallmembers>
  </compounddef>
</doxygen>
