<?xml version='1.0' encoding='UTF-8' standalone='no'?>
<doxygen xmlns:xsi="http://www.w3.org/2001/XMLSchema-instance" xsi:noNamespaceSchemaLocation="compound.xsd" version="1.10.0" xml:lang="en-US">
  <compounddef id="class_listas_lib_1_1_clientes" kind="class" language="C#" prot="public">
    <compoundname>ListasLib::Clientes</compoundname>
    <sectiondef kind="private-static-attrib">
      <memberdef kind="variable" id="class_listas_lib_1_1_clientes_1aa6a1cdddfadaf14599abb0977392a150" prot="private" static="yes" mutable="no">
        <type>List&lt; <ref refid="class_business_object_1_1_cliente" kindref="compound">Cliente</ref> &gt;</type>
        <definition>List&lt;Cliente&gt; ListasLib.Clientes.listaClientes</definition>
        <argsstring></argsstring>
        <name>listaClientes</name>
        <qualifiedname>ListasLib.Clientes.listaClientes</qualifiedname>
        <briefdescription>
<para>Lista de clientes no sistema. </para>
        </briefdescription>
        <detaileddescription>
        </detaileddescription>
        <inbodydescription>
        </inbodydescription>
        <location file="ListasLib/Clientes.cs" line="19" column="29" bodyfile="ListasLib/Clientes.cs" bodystart="19" bodyend="-1"/>
      </memberdef>
    </sectiondef>
    <sectiondef kind="private-static-func">
      <memberdef kind="function" id="class_listas_lib_1_1_clientes_1a03e9627435506d3ace092b0528e754b1" prot="private" static="yes" const="no" explicit="no" inline="yes" virt="non-virtual">
        <type>static</type>
        <definition>static ListasLib.Clientes.Clientes</definition>
        <argsstring>()</argsstring>
        <name>Clientes</name>
        <qualifiedname>ListasLib.Clientes.Clientes</qualifiedname>
        <briefdescription>
<para>Construtor que inicializa a lista de clientes. </para>
        </briefdescription>
        <detaileddescription>
        </detaileddescription>
        <inbodydescription>
        </inbodydescription>
        <location file="ListasLib/Clientes.cs" line="26" column="16" bodyfile="ListasLib/Clientes.cs" bodystart="26" bodyend="29"/>
      </memberdef>
    </sectiondef>
    <sectiondef kind="public-static-func">
      <memberdef kind="function" id="class_listas_lib_1_1_clientes_1aee68849bdf5f5e81438a5fea0707149c" prot="public" static="yes" const="no" explicit="no" inline="yes" virt="non-virtual">
        <type>bool</type>
        <definition>static bool ListasLib.Clientes.AdicionarCliente</definition>
        <argsstring>(Cliente cliente)</argsstring>
        <name>AdicionarCliente</name>
        <qualifiedname>ListasLib.Clientes.AdicionarCliente</qualifiedname>
        <param>
          <type><ref refid="class_business_object_1_1_cliente" kindref="compound">Cliente</ref></type>
          <declname>cliente</declname>
        </param>
        <briefdescription>
<para>Adiciona um novo cliente à lista. </para>
        </briefdescription>
        <detaileddescription>
<para><parameterlist kind="param"><parameteritem>
<parameternamelist>
<parametername>cliente</parametername>
</parameternamelist>
<parameterdescription>
<para>Objeto do tipo Cliente a ser adicionado.</para>
</parameterdescription>
</parameteritem>
</parameterlist>
</para>
        </detaileddescription>
        <inbodydescription>
        </inbodydescription>
        <location file="ListasLib/Clientes.cs" line="37" column="28" bodyfile="ListasLib/Clientes.cs" bodystart="37" bodyend="49"/>
        <referencedby refid="class_regras_lib_1_1_regra_cliente_1a82b73ccb857719712b34f69598bc4788" compoundref="_regra_cliente_8cs" startline="24" endline="36">RegrasLib.RegraCliente.InsereClienteNosDados</referencedby>
      </memberdef>
      <memberdef kind="function" id="class_listas_lib_1_1_clientes_1a77c7fe83036ad840113a5743e4380927" prot="public" static="yes" const="no" explicit="no" inline="yes" virt="non-virtual">
        <type>bool</type>
        <definition>static bool ListasLib.Clientes.RemoverCliente</definition>
        <argsstring>(int id)</argsstring>
        <name>RemoverCliente</name>
        <qualifiedname>ListasLib.Clientes.RemoverCliente</qualifiedname>
        <param>
          <type>int</type>
          <declname>id</declname>
        </param>
        <briefdescription>
<para>Remove um cliente da lista com base no ID. </para>
        </briefdescription>
        <detaileddescription>
<para><parameterlist kind="param"><parameteritem>
<parameternamelist>
<parametername>id</parametername>
</parameternamelist>
<parameterdescription>
<para>ID do cliente a ser removida.</para>
</parameterdescription>
</parameteritem>
</parameterlist>
</para>
        </detaileddescription>
        <inbodydescription>
        </inbodydescription>
        <location file="ListasLib/Clientes.cs" line="55" column="28" bodyfile="ListasLib/Clientes.cs" bodystart="55" bodyend="68"/>
      </memberdef>
      <memberdef kind="function" id="class_listas_lib_1_1_clientes_1a74518c696a1bbe944bb415f4137fc402" prot="public" static="yes" const="no" explicit="no" inline="yes" virt="non-virtual">
        <type>bool</type>
        <definition>static bool ListasLib.Clientes.Existe</definition>
        <argsstring>(int id)</argsstring>
        <name>Existe</name>
        <qualifiedname>ListasLib.Clientes.Existe</qualifiedname>
        <param>
          <type>int</type>
          <declname>id</declname>
        </param>
        <briefdescription>
<para>Verifica se um cliente existe na lista pelo ID. </para>
        </briefdescription>
        <detaileddescription>
<para><parameterlist kind="param"><parameteritem>
<parameternamelist>
<parametername>id</parametername>
</parameternamelist>
<parameterdescription>
<para>ID da cliente.</para>
</parameterdescription>
</parameteritem>
</parameterlist>
<simplesect kind="return"><para>Verdadeiro se a cliente existir; falso caso contrário.</para>
</simplesect>
</para>
        </detaileddescription>
        <inbodydescription>
        </inbodydescription>
        <location file="ListasLib/Clientes.cs" line="75" column="28" bodyfile="ListasLib/Clientes.cs" bodystart="75" bodyend="87"/>
      </memberdef>
      <memberdef kind="function" id="class_listas_lib_1_1_clientes_1acc5cc5e302959751a280b9aa57c9552e" prot="public" static="yes" const="no" explicit="no" inline="yes" virt="non-virtual">
        <type>void</type>
        <definition>static void ListasLib.Clientes.GuardarParaFicheiro</definition>
        <argsstring>(string cdFile)</argsstring>
        <name>GuardarParaFicheiro</name>
        <qualifiedname>ListasLib.Clientes.GuardarParaFicheiro</qualifiedname>
        <param>
          <type>string</type>
          <declname>cdFile</declname>
        </param>
        <briefdescription>
<para>Guardar a lista de Clientes em um ficheiro. </para>
        </briefdescription>
        <detaileddescription>
<para><parameterlist kind="param"><parameteritem>
<parameternamelist>
<parametername>cdFile</parametername>
</parameternamelist>
<parameterdescription>
<para>Caminho do ficheiro onde os dados serão guardados.</para>
</parameterdescription>
</parameteritem>
</parameterlist>
</para>
        </detaileddescription>
        <inbodydescription>
        </inbodydescription>
        <location file="ListasLib/Clientes.cs" line="93" column="28" bodyfile="ListasLib/Clientes.cs" bodystart="93" bodyend="103"/>
      </memberdef>
      <memberdef kind="function" id="class_listas_lib_1_1_clientes_1a24c7ed24f2401e992c89f649ebb90553" prot="public" static="yes" const="no" explicit="no" inline="yes" virt="non-virtual">
        <type>void</type>
        <definition>static void ListasLib.Clientes.CarregarDeFicheiro</definition>
        <argsstring>(string cdFile)</argsstring>
        <name>CarregarDeFicheiro</name>
        <qualifiedname>ListasLib.Clientes.CarregarDeFicheiro</qualifiedname>
        <param>
          <type>string</type>
          <declname>cdFile</declname>
        </param>
        <briefdescription>
<para>Carrega a lista de clientes de um ficheiro. </para>
        </briefdescription>
        <detaileddescription>
<para><parameterlist kind="param"><parameteritem>
<parameternamelist>
<parametername>cdFile</parametername>
</parameternamelist>
<parameterdescription>
<para>Caminho do ficheiro a ser carregado.</para>
</parameterdescription>
</parameteritem>
</parameterlist>
</para>
        </detaileddescription>
        <inbodydescription>
        </inbodydescription>
        <location file="ListasLib/Clientes.cs" line="109" column="28" bodyfile="ListasLib/Clientes.cs" bodystart="109" bodyend="119"/>
      </memberdef>
    </sectiondef>
    <briefdescription>
    </briefdescription>
    <detaileddescription>
    </detaileddescription>
    <location file="ListasLib/Clientes.cs" line="13" column="11" bodyfile="ListasLib/Clientes.cs" bodystart="14" bodyend="121"/>
    <listofallmembers>
      <member refid="class_listas_lib_1_1_clientes_1aee68849bdf5f5e81438a5fea0707149c" prot="public" virt="non-virtual"><scope>ListasLib::Clientes</scope><name>AdicionarCliente</name></member>
      <member refid="class_listas_lib_1_1_clientes_1a24c7ed24f2401e992c89f649ebb90553" prot="public" virt="non-virtual"><scope>ListasLib::Clientes</scope><name>CarregarDeFicheiro</name></member>
      <member refid="class_listas_lib_1_1_clientes_1a03e9627435506d3ace092b0528e754b1" prot="private" virt="non-virtual"><scope>ListasLib::Clientes</scope><name>Clientes</name></member>
      <member refid="class_listas_lib_1_1_clientes_1a74518c696a1bbe944bb415f4137fc402" prot="public" virt="non-virtual"><scope>ListasLib::Clientes</scope><name>Existe</name></member>
      <member refid="class_listas_lib_1_1_clientes_1acc5cc5e302959751a280b9aa57c9552e" prot="public" virt="non-virtual"><scope>ListasLib::Clientes</scope><name>GuardarParaFicheiro</name></member>
      <member refid="class_listas_lib_1_1_clientes_1aa6a1cdddfadaf14599abb0977392a150" prot="private" virt="non-virtual"><scope>ListasLib::Clientes</scope><name>listaClientes</name></member>
      <member refid="class_listas_lib_1_1_clientes_1a77c7fe83036ad840113a5743e4380927" prot="public" virt="non-virtual"><scope>ListasLib::Clientes</scope><name>RemoverCliente</name></member>
    </listofallmembers>
  </compounddef>
</doxygen>
