<?xml version='1.0' encoding='UTF-8' standalone='no'?>
<doxygen xmlns:xsi="http://www.w3.org/2001/XMLSchema-instance" xsi:noNamespaceSchemaLocation="compound.xsd" version="1.10.0" xml:lang="en-US">
  <compounddef id="class_business_object_1_1_cliente" kind="class" language="C#" prot="public">
    <compoundname>BusinessObject::Cliente</compoundname>
    <basecompoundref refid="class_business_object_1_1_utilizador" prot="public" virt="non-virtual">BusinessObject.Utilizador</basecompoundref>
    <sectiondef kind="private-attrib">
      <memberdef kind="variable" id="class_business_object_1_1_cliente_1a91b831aac48810cc95bd6ddca6e5a672" prot="private" static="no" mutable="no">
        <type>int</type>
        <definition>int BusinessObject.Cliente.idCliente</definition>
        <argsstring></argsstring>
        <name>idCliente</name>
        <qualifiedname>BusinessObject.Cliente.idCliente</qualifiedname>
        <briefdescription>
<para>Representa um produto no sistema de comércio eletrônico. </para>
        </briefdescription>
        <detaileddescription>
        </detaileddescription>
        <inbodydescription>
        </inbodydescription>
        <location file="BusinessObjectLib/Cliente.cs" line="18" column="13" bodyfile="BusinessObjectLib/Cliente.cs" bodystart="18" bodyend="-1"/>
      </memberdef>
      <memberdef kind="variable" id="class_business_object_1_1_cliente_1a8830617abf85e69895b10efc54f84c84" prot="private" static="no" mutable="no">
        <type>string</type>
        <definition>string BusinessObject.Cliente.nome</definition>
        <argsstring></argsstring>
        <name>nome</name>
        <qualifiedname>BusinessObject.Cliente.nome</qualifiedname>
        <briefdescription>
        </briefdescription>
        <detaileddescription>
        </detaileddescription>
        <inbodydescription>
        </inbodydescription>
        <location file="BusinessObjectLib/Cliente.cs" line="19" column="16" bodyfile="BusinessObjectLib/Cliente.cs" bodystart="19" bodyend="-1"/>
      </memberdef>
      <memberdef kind="variable" id="class_business_object_1_1_cliente_1aaf24f21a19c6038f998c429dfad3f04f" prot="private" static="no" mutable="no">
        <type>string</type>
        <definition>string BusinessObject.Cliente.email</definition>
        <argsstring></argsstring>
        <name>email</name>
        <qualifiedname>BusinessObject.Cliente.email</qualifiedname>
        <briefdescription>
        </briefdescription>
        <detaileddescription>
        </detaileddescription>
        <inbodydescription>
        </inbodydescription>
        <location file="BusinessObjectLib/Cliente.cs" line="20" column="16" bodyfile="BusinessObjectLib/Cliente.cs" bodystart="20" bodyend="-1"/>
      </memberdef>
      <memberdef kind="variable" id="class_business_object_1_1_cliente_1a295253f5a3ff2b7bc37a6f9f5a92c6f5" prot="private" static="no" mutable="no">
        <type>string</type>
        <definition>string BusinessObject.Cliente.nTelemovel</definition>
        <argsstring></argsstring>
        <name>nTelemovel</name>
        <qualifiedname>BusinessObject.Cliente.nTelemovel</qualifiedname>
        <briefdescription>
        </briefdescription>
        <detaileddescription>
        </detaileddescription>
        <inbodydescription>
        </inbodydescription>
        <location file="BusinessObjectLib/Cliente.cs" line="21" column="16" bodyfile="BusinessObjectLib/Cliente.cs" bodystart="21" bodyend="-1"/>
      </memberdef>
      <memberdef kind="variable" id="class_business_object_1_1_cliente_1a69c70b27f1db71c690acce9baa259f4b" prot="private" static="no" mutable="no">
        <type>string</type>
        <definition>string BusinessObject.Cliente.nContribuinte</definition>
        <argsstring></argsstring>
        <name>nContribuinte</name>
        <qualifiedname>BusinessObject.Cliente.nContribuinte</qualifiedname>
        <briefdescription>
        </briefdescription>
        <detaileddescription>
        </detaileddescription>
        <inbodydescription>
        </inbodydescription>
        <location file="BusinessObjectLib/Cliente.cs" line="22" column="16" bodyfile="BusinessObjectLib/Cliente.cs" bodystart="22" bodyend="-1"/>
      </memberdef>
      <memberdef kind="variable" id="class_business_object_1_1_cliente_1a4b5a072335b2526322918fc65bccb8df" prot="private" static="no" mutable="no">
        <type>string</type>
        <definition>string BusinessObject.Cliente.endereco</definition>
        <argsstring></argsstring>
        <name>endereco</name>
        <qualifiedname>BusinessObject.Cliente.endereco</qualifiedname>
        <briefdescription>
        </briefdescription>
        <detaileddescription>
        </detaileddescription>
        <inbodydescription>
        </inbodydescription>
        <location file="BusinessObjectLib/Cliente.cs" line="23" column="16" bodyfile="BusinessObjectLib/Cliente.cs" bodystart="23" bodyend="-1"/>
      </memberdef>
    </sectiondef>
    <sectiondef kind="property">
      <memberdef kind="property" id="class_business_object_1_1_cliente_1a537f65e421acdd0f4759b7b37fde9c10" prot="public" static="no" readable="no" writable="no" gettable="yes" privategettable="no" protectedgettable="no" settable="yes" privatesettable="no" protectedsettable="no">
        <type>int</type>
        <definition>int BusinessObject.Cliente.Id</definition>
        <argsstring></argsstring>
        <name>Id</name>
        <qualifiedname>BusinessObject.Cliente.Id</qualifiedname>
        <briefdescription>
<para>Região que agrupa as propriedades (getters e setters) da classe. </para>
        </briefdescription>
        <detaileddescription>
        </detaileddescription>
        <inbodydescription>
        </inbodydescription>
        <location file="BusinessObjectLib/Cliente.cs" line="51" column="20" bodyfile="BusinessObjectLib/Cliente.cs" bodystart="52" bodyend="55"/>
      </memberdef>
      <memberdef kind="property" id="class_business_object_1_1_cliente_1a672f24b234d07a48f1edcdf4eb8afd94" prot="public" static="no" readable="no" writable="no" gettable="yes" privategettable="no" protectedgettable="no" settable="yes" privatesettable="no" protectedsettable="no">
        <type>string</type>
        <definition>string BusinessObject.Cliente.Nome</definition>
        <argsstring></argsstring>
        <name>Nome</name>
        <qualifiedname>BusinessObject.Cliente.Nome</qualifiedname>
        <briefdescription>
        </briefdescription>
        <detaileddescription>
        </detaileddescription>
        <inbodydescription>
        </inbodydescription>
        <location file="BusinessObjectLib/Cliente.cs" line="56" column="23" bodyfile="BusinessObjectLib/Cliente.cs" bodystart="57" bodyend="60"/>
      </memberdef>
      <memberdef kind="property" id="class_business_object_1_1_cliente_1abf62bb4a214c02189063c042b844a54b" prot="public" static="no" readable="no" writable="no" gettable="yes" privategettable="no" protectedgettable="no" settable="yes" privatesettable="no" protectedsettable="no">
        <type>string</type>
        <definition>string BusinessObject.Cliente.Email</definition>
        <argsstring></argsstring>
        <name>Email</name>
        <qualifiedname>BusinessObject.Cliente.Email</qualifiedname>
        <briefdescription>
        </briefdescription>
        <detaileddescription>
        </detaileddescription>
        <inbodydescription>
        </inbodydescription>
        <location file="BusinessObjectLib/Cliente.cs" line="61" column="23" bodyfile="BusinessObjectLib/Cliente.cs" bodystart="62" bodyend="65"/>
      </memberdef>
      <memberdef kind="property" id="class_business_object_1_1_cliente_1ae766a758149f41b2861338f61f4f1cb0" prot="public" static="no" readable="no" writable="no" gettable="yes" privategettable="no" protectedgettable="no" settable="yes" privatesettable="no" protectedsettable="no">
        <type>string</type>
        <definition>string BusinessObject.Cliente.NTelemovel</definition>
        <argsstring></argsstring>
        <name>NTelemovel</name>
        <qualifiedname>BusinessObject.Cliente.NTelemovel</qualifiedname>
        <briefdescription>
        </briefdescription>
        <detaileddescription>
        </detaileddescription>
        <inbodydescription>
        </inbodydescription>
        <location file="BusinessObjectLib/Cliente.cs" line="66" column="23" bodyfile="BusinessObjectLib/Cliente.cs" bodystart="67" bodyend="70"/>
      </memberdef>
      <memberdef kind="property" id="class_business_object_1_1_cliente_1aa35087c94bf9aa95183e7e5c4e5ea52d" prot="public" static="no" readable="no" writable="no" gettable="yes" privategettable="no" protectedgettable="no" settable="yes" privatesettable="no" protectedsettable="no">
        <type>string</type>
        <definition>string BusinessObject.Cliente.NContribuinte</definition>
        <argsstring></argsstring>
        <name>NContribuinte</name>
        <qualifiedname>BusinessObject.Cliente.NContribuinte</qualifiedname>
        <briefdescription>
        </briefdescription>
        <detaileddescription>
        </detaileddescription>
        <inbodydescription>
        </inbodydescription>
        <location file="BusinessObjectLib/Cliente.cs" line="72" column="23" bodyfile="BusinessObjectLib/Cliente.cs" bodystart="73" bodyend="76"/>
      </memberdef>
      <memberdef kind="property" id="class_business_object_1_1_cliente_1a41cf76d61f40921d9780719f3e4d62a3" prot="public" static="no" readable="no" writable="no" gettable="yes" privategettable="no" protectedgettable="no" settable="yes" privatesettable="no" protectedsettable="no">
        <type>string</type>
        <definition>string BusinessObject.Cliente.Endereco</definition>
        <argsstring></argsstring>
        <name>Endereco</name>
        <qualifiedname>BusinessObject.Cliente.Endereco</qualifiedname>
        <briefdescription>
        </briefdescription>
        <detaileddescription>
        </detaileddescription>
        <inbodydescription>
        </inbodydescription>
        <location file="BusinessObjectLib/Cliente.cs" line="79" column="23" bodyfile="BusinessObjectLib/Cliente.cs" bodystart="79" bodyend="82"/>
        <referencedby refid="class_business_object_1_1_cliente_1a10d249bce470e884916bbee7eba9f456" compoundref="_cliente_8cs" startline="32" endline="42">BusinessObject.Cliente.Cliente</referencedby>
      </memberdef>
    </sectiondef>
    <sectiondef kind="public-func">
      <memberdef kind="function" id="class_business_object_1_1_cliente_1a10d249bce470e884916bbee7eba9f456" prot="public" static="no" const="no" explicit="no" inline="yes" virt="non-virtual">
        <type></type>
        <definition>BusinessObject.Cliente.Cliente</definition>
        <argsstring>(int idCliente, string nome, string email, string nTelemovel, string nContribuinte)</argsstring>
        <name>Cliente</name>
        <qualifiedname>BusinessObject.Cliente.Cliente</qualifiedname>
        <param>
          <type>int</type>
          <declname>idCliente</declname>
        </param>
        <param>
          <type>string</type>
          <declname>nome</declname>
        </param>
        <param>
          <type>string</type>
          <declname>email</declname>
        </param>
        <param>
          <type>string</type>
          <declname>nTelemovel</declname>
        </param>
        <param>
          <type>string</type>
          <declname>nContribuinte</declname>
        </param>
        <briefdescription>
<para>Construtor padrão da classe Produto. Subclasse Cliente que herda de Utilizador. </para>
        </briefdescription>
        <detaileddescription>
        </detaileddescription>
        <inbodydescription>
        </inbodydescription>
        <location file="BusinessObjectLib/Cliente.cs" line="32" column="16" bodyfile="BusinessObjectLib/Cliente.cs" bodystart="32" bodyend="42"/>
        <references refid="class_business_object_1_1_cliente_1a41cf76d61f40921d9780719f3e4d62a3" compoundref="_cliente_8cs" startline="79" endline="82">BusinessObject.Cliente.Endereco</references>
      </memberdef>
      <memberdef kind="function" id="class_business_object_1_1_cliente_1a930577ec21ab629ae22e2fa83e74091d" prot="public" static="no" const="no" explicit="no" inline="yes" virt="non-virtual">
        <type>bool</type>
        <definition>bool BusinessObject.Cliente.AtualizarContato</definition>
        <argsstring>(string novoEmail, string novoTelemovel)</argsstring>
        <name>AtualizarContato</name>
        <qualifiedname>BusinessObject.Cliente.AtualizarContato</qualifiedname>
        <param>
          <type>string</type>
          <declname>novoEmail</declname>
        </param>
        <param>
          <type>string</type>
          <declname>novoTelemovel</declname>
        </param>
        <briefdescription>
<para>Atualiza o e-mail e o número de telemóvel do cliente. </para>
        </briefdescription>
        <detaileddescription>
<para><parameterlist kind="param"><parameteritem>
<parameternamelist>
<parametername>novoEmail</parametername>
</parameternamelist>
<parameterdescription>
<para>O novo e-mail do cliente.</para>
</parameterdescription>
</parameteritem>
<parameteritem>
<parameternamelist>
<parametername>novoTelemovel</parametername>
</parameternamelist>
<parameterdescription>
<para>O novo número de telemóvel do cliente.</para>
</parameterdescription>
</parameteritem>
</parameterlist>
</para>
        </detaileddescription>
        <inbodydescription>
        </inbodydescription>
        <location file="BusinessObjectLib/Cliente.cs" line="92" column="21" bodyfile="BusinessObjectLib/Cliente.cs" bodystart="92" bodyend="97"/>
      </memberdef>
    </sectiondef>
    <briefdescription>
    </briefdescription>
    <detaileddescription>
    </detaileddescription>
    <inheritancegraph>
      <node id="1">
        <label>BusinessObject.Cliente</label>
        <link refid="class_business_object_1_1_cliente"/>
        <childnode refid="2" relation="public-inheritance">
        </childnode>
      </node>
      <node id="2">
        <label>Utilizador</label>
        <link refid="class_business_object_1_1_utilizador"/>
      </node>
    </inheritancegraph>
    <collaborationgraph>
      <node id="1">
        <label>BusinessObject.Cliente</label>
        <link refid="class_business_object_1_1_cliente"/>
        <childnode refid="2" relation="public-inheritance">
        </childnode>
      </node>
      <node id="2">
        <label>Utilizador</label>
        <link refid="class_business_object_1_1_utilizador"/>
      </node>
    </collaborationgraph>
    <location file="BusinessObjectLib/Cliente.cs" line="10" column="11" bodyfile="BusinessObjectLib/Cliente.cs" bodystart="11" bodyend="100"/>
    <listofallmembers>
      <member refid="class_business_object_1_1_cliente_1a930577ec21ab629ae22e2fa83e74091d" prot="public" virt="non-virtual"><scope>BusinessObject::Cliente</scope><name>AtualizarContato</name></member>
      <member refid="class_business_object_1_1_cliente_1a10d249bce470e884916bbee7eba9f456" prot="public" virt="non-virtual"><scope>BusinessObject::Cliente</scope><name>Cliente</name></member>
      <member refid="class_business_object_1_1_cliente_1aaf24f21a19c6038f998c429dfad3f04f" prot="private" virt="non-virtual"><scope>BusinessObject::Cliente</scope><name>email</name></member>
      <member refid="class_business_object_1_1_cliente_1abf62bb4a214c02189063c042b844a54b" prot="public" virt="non-virtual"><scope>BusinessObject::Cliente</scope><name>Email</name></member>
      <member refid="class_business_object_1_1_cliente_1a4b5a072335b2526322918fc65bccb8df" prot="private" virt="non-virtual"><scope>BusinessObject::Cliente</scope><name>endereco</name></member>
      <member refid="class_business_object_1_1_cliente_1a41cf76d61f40921d9780719f3e4d62a3" prot="public" virt="non-virtual"><scope>BusinessObject::Cliente</scope><name>Endereco</name></member>
      <member refid="class_business_object_1_1_cliente_1a537f65e421acdd0f4759b7b37fde9c10" prot="public" virt="non-virtual"><scope>BusinessObject::Cliente</scope><name>Id</name></member>
      <member refid="class_business_object_1_1_cliente_1a91b831aac48810cc95bd6ddca6e5a672" prot="private" virt="non-virtual"><scope>BusinessObject::Cliente</scope><name>idCliente</name></member>
      <member refid="class_business_object_1_1_cliente_1a69c70b27f1db71c690acce9baa259f4b" prot="private" virt="non-virtual"><scope>BusinessObject::Cliente</scope><name>nContribuinte</name></member>
      <member refid="class_business_object_1_1_cliente_1aa35087c94bf9aa95183e7e5c4e5ea52d" prot="public" virt="non-virtual"><scope>BusinessObject::Cliente</scope><name>NContribuinte</name></member>
      <member refid="class_business_object_1_1_cliente_1a8830617abf85e69895b10efc54f84c84" prot="private" virt="non-virtual"><scope>BusinessObject::Cliente</scope><name>nome</name></member>
      <member refid="class_business_object_1_1_cliente_1a672f24b234d07a48f1edcdf4eb8afd94" prot="public" virt="non-virtual"><scope>BusinessObject::Cliente</scope><name>Nome</name></member>
      <member refid="class_business_object_1_1_cliente_1a295253f5a3ff2b7bc37a6f9f5a92c6f5" prot="private" virt="non-virtual"><scope>BusinessObject::Cliente</scope><name>nTelemovel</name></member>
      <member refid="class_business_object_1_1_cliente_1ae766a758149f41b2861338f61f4f1cb0" prot="public" virt="non-virtual"><scope>BusinessObject::Cliente</scope><name>NTelemovel</name></member>
      <member refid="class_business_object_1_1_utilizador_1a63a595b50ac148bfa33362a0113a8858" prot="public" virt="non-virtual"><scope>BusinessObject::Cliente</scope><name>Utilizador</name></member>
    </listofallmembers>
  </compounddef>
</doxygen>
