<?xml version='1.0' encoding='UTF-8' standalone='no'?>
<doxygen xmlns:xsi="http://www.w3.org/2001/XMLSchema-instance" xsi:noNamespaceSchemaLocation="compound.xsd" version="1.10.0" xml:lang="en-US">
  <compounddef id="class_listas_lib_1_1_produtos" kind="class" language="C#" prot="public">
    <compoundname>ListasLib::Produtos</compoundname>
    <sectiondef kind="private-static-attrib">
      <memberdef kind="variable" id="class_listas_lib_1_1_produtos_1a9486adbd316df1bf00af64229a5acf4b" prot="private" static="yes" mutable="no">
        <type>List&lt; <ref refid="class_business_object_1_1_produto" kindref="compound">Produto</ref> &gt;</type>
        <definition>List&lt;Produto&gt; ListasLib.Produtos.listaProdutos</definition>
        <argsstring></argsstring>
        <name>listaProdutos</name>
        <qualifiedname>ListasLib.Produtos.listaProdutos</qualifiedname>
        <briefdescription>
        </briefdescription>
        <detaileddescription>
        </detaileddescription>
        <inbodydescription>
        </inbodydescription>
        <location file="ListasLib/Produtos.cs" line="16" column="29" bodyfile="ListasLib/Produtos.cs" bodystart="16" bodyend="-1"/>
      </memberdef>
    </sectiondef>
    <sectiondef kind="private-static-func">
      <memberdef kind="function" id="class_listas_lib_1_1_produtos_1a45fba63604343af904918575e0e9c62d" prot="private" static="yes" const="no" explicit="no" inline="yes" virt="non-virtual">
        <type>static</type>
        <definition>static ListasLib.Produtos.Produtos</definition>
        <argsstring>()</argsstring>
        <name>Produtos</name>
        <qualifiedname>ListasLib.Produtos.Produtos</qualifiedname>
        <briefdescription>
<para>Construtor para inicializar o array com um tamanho fixo. </para>
        </briefdescription>
        <detaileddescription>
<para><parameterlist kind="param"><parameteritem>
<parameternamelist>
<parametername>tamanho</parametername>
</parameternamelist>
<parameterdescription>
</parameterdescription>
</parameteritem>
</parameterlist>
</para>
        </detaileddescription>
        <inbodydescription>
        </inbodydescription>
        <location file="ListasLib/Produtos.cs" line="22" column="16" bodyfile="ListasLib/Produtos.cs" bodystart="22" bodyend="25"/>
      </memberdef>
    </sectiondef>
    <sectiondef kind="public-static-func">
      <memberdef kind="function" id="class_listas_lib_1_1_produtos_1a5e7bbfbfacc89a39b9097a03c777f8a5" prot="public" static="yes" const="no" explicit="no" inline="yes" virt="non-virtual">
        <type>bool</type>
        <definition>static bool ListasLib.Produtos.AdicionarProduto</definition>
        <argsstring>(Produto produto)</argsstring>
        <name>AdicionarProduto</name>
        <qualifiedname>ListasLib.Produtos.AdicionarProduto</qualifiedname>
        <param>
          <type><ref refid="class_business_object_1_1_produto" kindref="compound">Produto</ref></type>
          <declname>produto</declname>
        </param>
        <briefdescription>
<para>Adiciona um novo produto à lista. </para>
        </briefdescription>
        <detaileddescription>
<para><parameterlist kind="param"><parameteritem>
<parameternamelist>
<parametername>produto</parametername>
</parameternamelist>
<parameterdescription>
</parameterdescription>
</parameteritem>
</parameterlist>
</para>
        </detaileddescription>
        <inbodydescription>
        </inbodydescription>
        <location file="ListasLib/Produtos.cs" line="33" column="28" bodyfile="ListasLib/Produtos.cs" bodystart="33" bodyend="45"/>
      </memberdef>
      <memberdef kind="function" id="class_listas_lib_1_1_produtos_1a90ab2607196f1b440e3d264abc4ec362" prot="public" static="yes" const="no" explicit="no" inline="yes" virt="non-virtual">
        <type>bool</type>
        <definition>static bool ListasLib.Produtos.RemoverCategoria</definition>
        <argsstring>(int id)</argsstring>
        <name>RemoverCategoria</name>
        <qualifiedname>ListasLib.Produtos.RemoverCategoria</qualifiedname>
        <param>
          <type>int</type>
          <declname>id</declname>
        </param>
        <briefdescription>
<para>Remove uma Produtos da lista com base no ID. </para>
        </briefdescription>
        <detaileddescription>
<para><parameterlist kind="param"><parameteritem>
<parameternamelist>
<parametername>id</parametername>
</parameternamelist>
<parameterdescription>
<para>ID da Produtos a ser removida.</para>
</parameterdescription>
</parameteritem>
</parameterlist>
</para>
        </detaileddescription>
        <inbodydescription>
        </inbodydescription>
        <location file="ListasLib/Produtos.cs" line="51" column="28" bodyfile="ListasLib/Produtos.cs" bodystart="51" bodyend="64"/>
      </memberdef>
      <memberdef kind="function" id="class_listas_lib_1_1_produtos_1a7088c74704e338cb12da9f700b27f219" prot="public" static="yes" const="no" explicit="no" inline="yes" virt="non-virtual">
        <type>bool</type>
        <definition>static bool ListasLib.Produtos.Existe</definition>
        <argsstring>(int id)</argsstring>
        <name>Existe</name>
        <qualifiedname>ListasLib.Produtos.Existe</qualifiedname>
        <param>
          <type>int</type>
          <declname>id</declname>
        </param>
        <briefdescription>
<para>Verifica se um Produto existe na lista pelo ID. </para>
        </briefdescription>
        <detaileddescription>
<para><parameterlist kind="param"><parameteritem>
<parameternamelist>
<parametername>id</parametername>
</parameternamelist>
<parameterdescription>
<para>ID Produto.</para>
</parameterdescription>
</parameteritem>
</parameterlist>
<simplesect kind="return"><para>Verdadeiro se a produto existir; falso caso contrário.</para>
</simplesect>
</para>
        </detaileddescription>
        <inbodydescription>
        </inbodydescription>
        <location file="ListasLib/Produtos.cs" line="71" column="28" bodyfile="ListasLib/Produtos.cs" bodystart="71" bodyend="83"/>
      </memberdef>
      <memberdef kind="function" id="class_listas_lib_1_1_produtos_1a980d2138f22f1a0fe4de84d984e765f4" prot="public" static="yes" const="no" explicit="no" inline="yes" virt="non-virtual">
        <type>void</type>
        <definition>static void ListasLib.Produtos.GuardarParaFicheiro</definition>
        <argsstring>(string cdFile)</argsstring>
        <name>GuardarParaFicheiro</name>
        <qualifiedname>ListasLib.Produtos.GuardarParaFicheiro</qualifiedname>
        <param>
          <type>string</type>
          <declname>cdFile</declname>
        </param>
        <briefdescription>
<para>Guardar a lista de produtos em um ficheiro. </para>
        </briefdescription>
        <detaileddescription>
<para><parameterlist kind="param"><parameteritem>
<parameternamelist>
<parametername>cdFile</parametername>
</parameternamelist>
<parameterdescription>
<para>Caminho do ficheiro onde os dados serão guardados.</para>
</parameterdescription>
</parameteritem>
</parameterlist>
</para>
        </detaileddescription>
        <inbodydescription>
        </inbodydescription>
        <location file="ListasLib/Produtos.cs" line="89" column="28" bodyfile="ListasLib/Produtos.cs" bodystart="89" bodyend="99"/>
      </memberdef>
      <memberdef kind="function" id="class_listas_lib_1_1_produtos_1a3085413829ccf42a38437a0eaa29c89f" prot="public" static="yes" const="no" explicit="no" inline="yes" virt="non-virtual">
        <type>void</type>
        <definition>static void ListasLib.Produtos.CarregarDeFicheiro</definition>
        <argsstring>(string cdFile)</argsstring>
        <name>CarregarDeFicheiro</name>
        <qualifiedname>ListasLib.Produtos.CarregarDeFicheiro</qualifiedname>
        <param>
          <type>string</type>
          <declname>cdFile</declname>
        </param>
        <briefdescription>
<para>Carrega a lista de categorias de um ficheiro. </para>
        </briefdescription>
        <detaileddescription>
<para><parameterlist kind="param"><parameteritem>
<parameternamelist>
<parametername>cdFile</parametername>
</parameternamelist>
<parameterdescription>
<para>Caminho do ficheiro a ser carregado.</para>
</parameterdescription>
</parameteritem>
</parameterlist>
</para>
        </detaileddescription>
        <inbodydescription>
        </inbodydescription>
        <location file="ListasLib/Produtos.cs" line="105" column="28" bodyfile="ListasLib/Produtos.cs" bodystart="105" bodyend="115"/>
      </memberdef>
    </sectiondef>
    <briefdescription>
    </briefdescription>
    <detaileddescription>
    </detaileddescription>
    <location file="ListasLib/Produtos.cs" line="13" column="11" bodyfile="ListasLib/Produtos.cs" bodystart="14" bodyend="117"/>
    <listofallmembers>
      <member refid="class_listas_lib_1_1_produtos_1a5e7bbfbfacc89a39b9097a03c777f8a5" prot="public" virt="non-virtual"><scope>ListasLib::Produtos</scope><name>AdicionarProduto</name></member>
      <member refid="class_listas_lib_1_1_produtos_1a3085413829ccf42a38437a0eaa29c89f" prot="public" virt="non-virtual"><scope>ListasLib::Produtos</scope><name>CarregarDeFicheiro</name></member>
      <member refid="class_listas_lib_1_1_produtos_1a7088c74704e338cb12da9f700b27f219" prot="public" virt="non-virtual"><scope>ListasLib::Produtos</scope><name>Existe</name></member>
      <member refid="class_listas_lib_1_1_produtos_1a980d2138f22f1a0fe4de84d984e765f4" prot="public" virt="non-virtual"><scope>ListasLib::Produtos</scope><name>GuardarParaFicheiro</name></member>
      <member refid="class_listas_lib_1_1_produtos_1a9486adbd316df1bf00af64229a5acf4b" prot="private" virt="non-virtual"><scope>ListasLib::Produtos</scope><name>listaProdutos</name></member>
      <member refid="class_listas_lib_1_1_produtos_1a45fba63604343af904918575e0e9c62d" prot="private" virt="non-virtual"><scope>ListasLib::Produtos</scope><name>Produtos</name></member>
      <member refid="class_listas_lib_1_1_produtos_1a90ab2607196f1b440e3d264abc4ec362" prot="public" virt="non-virtual"><scope>ListasLib::Produtos</scope><name>RemoverCategoria</name></member>
    </listofallmembers>
  </compounddef>
</doxygen>
