<?xml version='1.0' encoding='UTF-8' standalone='no'?>
<doxygen xmlns:xsi="http://www.w3.org/2001/XMLSchema-instance" xsi:noNamespaceSchemaLocation="compound.xsd" version="1.10.0" xml:lang="en-US">
  <compounddef id="class__27975___projeto_p_o_o___comercio_1_1_produto" kind="class" language="C#" prot="package">
    <compoundname>_27975_ProjetoPOO_Comercio::Produto</compoundname>
    <sectiondef kind="private-attrib">
      <memberdef kind="variable" id="class__27975___projeto_p_o_o___comercio_1_1_produto_1ab9d1b8642141789b6529b89e66d7d6e3" prot="private" static="no" mutable="no">
        <type>int</type>
        <definition>int _27975_ProjetoPOO_Comercio.Produto.id</definition>
        <argsstring></argsstring>
        <name>id</name>
        <qualifiedname>_27975_ProjetoPOO_Comercio.Produto.id</qualifiedname>
        <briefdescription>
<para>Representa um produto no sistema de comércio eletrônico. </para>
        </briefdescription>
        <detaileddescription>
        </detaileddescription>
        <inbodydescription>
        </inbodydescription>
        <location file="Produto.cs" line="18" column="17" bodyfile="Produto.cs" bodystart="18" bodyend="-1"/>
      </memberdef>
      <memberdef kind="variable" id="class__27975___projeto_p_o_o___comercio_1_1_produto_1a97c329b8dd89b4040a965f2a67ee149f" prot="private" static="no" mutable="no">
        <type>string</type>
        <definition>string _27975_ProjetoPOO_Comercio.Produto.nome</definition>
        <argsstring></argsstring>
        <name>nome</name>
        <qualifiedname>_27975_ProjetoPOO_Comercio.Produto.nome</qualifiedname>
        <briefdescription>
        </briefdescription>
        <detaileddescription>
        </detaileddescription>
        <inbodydescription>
        </inbodydescription>
        <location file="Produto.cs" line="19" column="20" bodyfile="Produto.cs" bodystart="19" bodyend="-1"/>
      </memberdef>
      <memberdef kind="variable" id="class__27975___projeto_p_o_o___comercio_1_1_produto_1a2982a163fbac55ac2179c8359cfd66da" prot="private" static="no" mutable="no">
        <type>string</type>
        <definition>string _27975_ProjetoPOO_Comercio.Produto.descricao</definition>
        <argsstring></argsstring>
        <name>descricao</name>
        <qualifiedname>_27975_ProjetoPOO_Comercio.Produto.descricao</qualifiedname>
        <briefdescription>
        </briefdescription>
        <detaileddescription>
        </detaileddescription>
        <inbodydescription>
        </inbodydescription>
        <location file="Produto.cs" line="20" column="20" bodyfile="Produto.cs" bodystart="20" bodyend="-1"/>
      </memberdef>
      <memberdef kind="variable" id="class__27975___projeto_p_o_o___comercio_1_1_produto_1a189d3927c7ae5264c4424ffe7ddb8f86" prot="private" static="no" mutable="no">
        <type>double</type>
        <definition>double _27975_ProjetoPOO_Comercio.Produto.preco</definition>
        <argsstring></argsstring>
        <name>preco</name>
        <qualifiedname>_27975_ProjetoPOO_Comercio.Produto.preco</qualifiedname>
        <briefdescription>
        </briefdescription>
        <detaileddescription>
        </detaileddescription>
        <inbodydescription>
        </inbodydescription>
        <location file="Produto.cs" line="21" column="21" bodyfile="Produto.cs" bodystart="21" bodyend="-1"/>
      </memberdef>
      <memberdef kind="variable" id="class__27975___projeto_p_o_o___comercio_1_1_produto_1a518c2f114fce7321f2a5f84e66fdee4f" prot="private" static="no" mutable="no">
        <type>string</type>
        <definition>string _27975_ProjetoPOO_Comercio.Produto.categoria</definition>
        <argsstring></argsstring>
        <name>categoria</name>
        <qualifiedname>_27975_ProjetoPOO_Comercio.Produto.categoria</qualifiedname>
        <briefdescription>
        </briefdescription>
        <detaileddescription>
        </detaileddescription>
        <inbodydescription>
        </inbodydescription>
        <location file="Produto.cs" line="24" column="20" bodyfile="Produto.cs" bodystart="24" bodyend="-1"/>
      </memberdef>
      <memberdef kind="variable" id="class__27975___projeto_p_o_o___comercio_1_1_produto_1a73b7ad71bc8fca9b35e8768cfbbbbcc8" prot="private" static="no" mutable="no">
        <type>string</type>
        <definition>string _27975_ProjetoPOO_Comercio.Produto.marca</definition>
        <argsstring></argsstring>
        <name>marca</name>
        <qualifiedname>_27975_ProjetoPOO_Comercio.Produto.marca</qualifiedname>
        <briefdescription>
        </briefdescription>
        <detaileddescription>
        </detaileddescription>
        <inbodydescription>
        </inbodydescription>
        <location file="Produto.cs" line="25" column="20" bodyfile="Produto.cs" bodystart="25" bodyend="-1"/>
      </memberdef>
      <memberdef kind="variable" id="class__27975___projeto_p_o_o___comercio_1_1_produto_1a5bb07add2bed7f426ca17e834f3c3430" prot="private" static="no" mutable="no">
        <type>int</type>
        <definition>int _27975_ProjetoPOO_Comercio.Produto.quantidadeEmStock</definition>
        <argsstring></argsstring>
        <name>quantidadeEmStock</name>
        <qualifiedname>_27975_ProjetoPOO_Comercio.Produto.quantidadeEmStock</qualifiedname>
        <briefdescription>
        </briefdescription>
        <detaileddescription>
        </detaileddescription>
        <inbodydescription>
        </inbodydescription>
        <location file="Produto.cs" line="26" column="17" bodyfile="Produto.cs" bodystart="26" bodyend="-1"/>
      </memberdef>
      <memberdef kind="variable" id="class__27975___projeto_p_o_o___comercio_1_1_produto_1a78f0daaf47b42376abc231894ea0528e" prot="private" static="no" mutable="no">
        <type>int</type>
        <definition>int _27975_ProjetoPOO_Comercio.Produto.garantiaMeses</definition>
        <argsstring></argsstring>
        <name>garantiaMeses</name>
        <qualifiedname>_27975_ProjetoPOO_Comercio.Produto.garantiaMeses</qualifiedname>
        <briefdescription>
        </briefdescription>
        <detaileddescription>
        </detaileddescription>
        <inbodydescription>
        </inbodydescription>
        <location file="Produto.cs" line="27" column="17" bodyfile="Produto.cs" bodystart="27" bodyend="-1"/>
      </memberdef>
    </sectiondef>
    <sectiondef kind="property">
      <memberdef kind="property" id="class__27975___projeto_p_o_o___comercio_1_1_produto_1a5049748ec081f9d5c1c9cbf08ee8f2b3" prot="public" static="no" readable="no" writable="no" gettable="yes" privategettable="no" protectedgettable="no" settable="yes" privatesettable="no" protectedsettable="no">
        <type>int</type>
        <definition>int _27975_ProjetoPOO_Comercio.Produto.Id</definition>
        <argsstring></argsstring>
        <name>Id</name>
        <qualifiedname>_27975_ProjetoPOO_Comercio.Produto.Id</qualifiedname>
        <briefdescription>
<para>Região que agrupa as propriedades (getters e setters) da classe. </para>
        </briefdescription>
        <detaileddescription>
        </detaileddescription>
        <inbodydescription>
        </inbodydescription>
        <location file="Produto.cs" line="54" column="20" bodyfile="Produto.cs" bodystart="55" bodyend="58"/>
      </memberdef>
      <memberdef kind="property" id="class__27975___projeto_p_o_o___comercio_1_1_produto_1a99fe446531fdde976783ba825e4f753a" prot="public" static="no" readable="no" writable="no" gettable="yes" privategettable="no" protectedgettable="no" settable="yes" privatesettable="no" protectedsettable="no">
        <type>string</type>
        <definition>string _27975_ProjetoPOO_Comercio.Produto.Nome</definition>
        <argsstring></argsstring>
        <name>Nome</name>
        <qualifiedname>_27975_ProjetoPOO_Comercio.Produto.Nome</qualifiedname>
        <briefdescription>
        </briefdescription>
        <detaileddescription>
        </detaileddescription>
        <inbodydescription>
        </inbodydescription>
        <location file="Produto.cs" line="59" column="23" bodyfile="Produto.cs" bodystart="60" bodyend="63"/>
      </memberdef>
      <memberdef kind="property" id="class__27975___projeto_p_o_o___comercio_1_1_produto_1aaa00d42e53129082f4b49af8fa5a16a1" prot="public" static="no" readable="no" writable="no" gettable="yes" privategettable="no" protectedgettable="no" settable="yes" privatesettable="no" protectedsettable="no">
        <type>string</type>
        <definition>string _27975_ProjetoPOO_Comercio.Produto.Descricao</definition>
        <argsstring></argsstring>
        <name>Descricao</name>
        <qualifiedname>_27975_ProjetoPOO_Comercio.Produto.Descricao</qualifiedname>
        <briefdescription>
        </briefdescription>
        <detaileddescription>
        </detaileddescription>
        <inbodydescription>
        </inbodydescription>
        <location file="Produto.cs" line="64" column="23" bodyfile="Produto.cs" bodystart="65" bodyend="68"/>
      </memberdef>
      <memberdef kind="property" id="class__27975___projeto_p_o_o___comercio_1_1_produto_1a802dcb411c659d2cf7d644f802a387c5" prot="public" static="no" readable="no" writable="no" gettable="yes" privategettable="no" protectedgettable="no" settable="yes" privatesettable="no" protectedsettable="no">
        <type>double</type>
        <definition>double _27975_ProjetoPOO_Comercio.Produto.Preco</definition>
        <argsstring></argsstring>
        <name>Preco</name>
        <qualifiedname>_27975_ProjetoPOO_Comercio.Produto.Preco</qualifiedname>
        <briefdescription>
        </briefdescription>
        <detaileddescription>
        </detaileddescription>
        <inbodydescription>
        </inbodydescription>
        <location file="Produto.cs" line="69" column="23" bodyfile="Produto.cs" bodystart="70" bodyend="73"/>
      </memberdef>
      <memberdef kind="property" id="class__27975___projeto_p_o_o___comercio_1_1_produto_1a69dbf0b7d8ad1efcc438f15174cd329d" prot="public" static="no" readable="no" writable="no" gettable="yes" privategettable="no" protectedgettable="no" settable="yes" privatesettable="no" protectedsettable="no">
        <type>string</type>
        <definition>string _27975_ProjetoPOO_Comercio.Produto.Categoria</definition>
        <argsstring></argsstring>
        <name>Categoria</name>
        <qualifiedname>_27975_ProjetoPOO_Comercio.Produto.Categoria</qualifiedname>
        <briefdescription>
        </briefdescription>
        <detaileddescription>
        </detaileddescription>
        <inbodydescription>
        </inbodydescription>
        <location file="Produto.cs" line="74" column="23" bodyfile="Produto.cs" bodystart="75" bodyend="78"/>
      </memberdef>
      <memberdef kind="property" id="class__27975___projeto_p_o_o___comercio_1_1_produto_1a10877ee8882f5da2b42905e9a8a214ab" prot="public" static="no" readable="no" writable="no" gettable="yes" privategettable="no" protectedgettable="no" settable="yes" privatesettable="no" protectedsettable="no">
        <type>string</type>
        <definition>string _27975_ProjetoPOO_Comercio.Produto.Marca</definition>
        <argsstring></argsstring>
        <name>Marca</name>
        <qualifiedname>_27975_ProjetoPOO_Comercio.Produto.Marca</qualifiedname>
        <briefdescription>
        </briefdescription>
        <detaileddescription>
        </detaileddescription>
        <inbodydescription>
        </inbodydescription>
        <location file="Produto.cs" line="79" column="23" bodyfile="Produto.cs" bodystart="80" bodyend="83"/>
      </memberdef>
      <memberdef kind="property" id="class__27975___projeto_p_o_o___comercio_1_1_produto_1a037c6a39163aa0cd4ed44581233e6648" prot="public" static="no" readable="no" writable="no" gettable="yes" privategettable="no" protectedgettable="no" settable="yes" privatesettable="no" protectedsettable="no">
        <type>int</type>
        <definition>int _27975_ProjetoPOO_Comercio.Produto.QuantidadeEmStock</definition>
        <argsstring></argsstring>
        <name>QuantidadeEmStock</name>
        <qualifiedname>_27975_ProjetoPOO_Comercio.Produto.QuantidadeEmStock</qualifiedname>
        <briefdescription>
        </briefdescription>
        <detaileddescription>
        </detaileddescription>
        <inbodydescription>
        </inbodydescription>
        <location file="Produto.cs" line="84" column="20" bodyfile="Produto.cs" bodystart="85" bodyend="88"/>
      </memberdef>
      <memberdef kind="property" id="class__27975___projeto_p_o_o___comercio_1_1_produto_1a7c774d6734de085b2afe3b99fbe1a5c7" prot="public" static="no" readable="no" writable="no" gettable="yes" privategettable="no" protectedgettable="no" settable="yes" privatesettable="no" protectedsettable="no">
        <type>int</type>
        <definition>int _27975_ProjetoPOO_Comercio.Produto.GarantiaMeses</definition>
        <argsstring></argsstring>
        <name>GarantiaMeses</name>
        <qualifiedname>_27975_ProjetoPOO_Comercio.Produto.GarantiaMeses</qualifiedname>
        <briefdescription>
        </briefdescription>
        <detaileddescription>
        </detaileddescription>
        <inbodydescription>
        </inbodydescription>
        <location file="Produto.cs" line="89" column="20" bodyfile="Produto.cs" bodystart="90" bodyend="93"/>
      </memberdef>
    </sectiondef>
    <sectiondef kind="public-func">
      <memberdef kind="function" id="class__27975___projeto_p_o_o___comercio_1_1_produto_1af691e856f89e9e7a85711b8244d3ef88" prot="public" static="no" const="no" explicit="no" inline="yes" virt="non-virtual">
        <type></type>
        <definition>_27975_ProjetoPOO_Comercio.Produto.Produto</definition>
        <argsstring>(int id, string nome, string descricao, double preco, string categoria, string marca, int quantidadeEmStock, int garantiaMeses)</argsstring>
        <name>Produto</name>
        <qualifiedname>_27975_ProjetoPOO_Comercio.Produto.Produto</qualifiedname>
        <param>
          <type>int</type>
          <declname>id</declname>
        </param>
        <param>
          <type>string</type>
          <declname>nome</declname>
        </param>
        <param>
          <type>string</type>
          <declname>descricao</declname>
        </param>
        <param>
          <type>double</type>
          <declname>preco</declname>
        </param>
        <param>
          <type>string</type>
          <declname>categoria</declname>
        </param>
        <param>
          <type>string</type>
          <declname>marca</declname>
        </param>
        <param>
          <type>int</type>
          <declname>quantidadeEmStock</declname>
        </param>
        <param>
          <type>int</type>
          <declname>garantiaMeses</declname>
        </param>
        <briefdescription>
<para>Construtor padrão da classe Produto. </para>
        </briefdescription>
        <detaileddescription>
        </detaileddescription>
        <inbodydescription>
        </inbodydescription>
        <location file="Produto.cs" line="36" column="16" bodyfile="Produto.cs" bodystart="36" bodyend="47"/>
      </memberdef>
      <memberdef kind="function" id="class__27975___projeto_p_o_o___comercio_1_1_produto_1a003144bcaedc068519aaac733d3bbc2d" prot="public" static="no" const="no" explicit="no" inline="yes" virt="non-virtual">
        <type>void</type>
        <definition>void _27975_ProjetoPOO_Comercio.Produto.AtualizarStock</definition>
        <argsstring>(int quantidade)</argsstring>
        <name>AtualizarStock</name>
        <qualifiedname>_27975_ProjetoPOO_Comercio.Produto.AtualizarStock</qualifiedname>
        <param>
          <type>int</type>
          <declname>quantidade</declname>
        </param>
        <briefdescription>
<para>Atualiza a quantidade de stock. </para>
        </briefdescription>
        <detaileddescription>
<para><parameterlist kind="param"><parameteritem>
<parameternamelist>
<parametername>quantidade</parametername>
</parameternamelist>
<parameterdescription>
</parameterdescription>
</parameteritem>
</parameterlist>
</para>
        </detaileddescription>
        <inbodydescription>
        </inbodydescription>
        <location file="Produto.cs" line="101" column="21" bodyfile="Produto.cs" bodystart="101" bodyend="104"/>
      </memberdef>
      <memberdef kind="function" id="class__27975___projeto_p_o_o___comercio_1_1_produto_1a2e138adb7dce1eb7da2614c59670cf4f" prot="public" static="no" const="no" explicit="no" inline="yes" virt="non-virtual">
        <type>void</type>
        <definition>void _27975_ProjetoPOO_Comercio.Produto.ExibirInformacoes</definition>
        <argsstring>()</argsstring>
        <name>ExibirInformacoes</name>
        <qualifiedname>_27975_ProjetoPOO_Comercio.Produto.ExibirInformacoes</qualifiedname>
        <briefdescription>
<para>Exibi as informacoes. </para>
        </briefdescription>
        <detaileddescription>
        </detaileddescription>
        <inbodydescription>
        </inbodydescription>
        <location file="Produto.cs" line="109" column="21" bodyfile="Produto.cs" bodystart="109" bodyend="118"/>
      </memberdef>
    </sectiondef>
    <briefdescription>
    </briefdescription>
    <detaileddescription>
    </detaileddescription>
    <location file="Produto.cs" line="10" column="13" bodyfile="Produto.cs" bodystart="11" bodyend="121"/>
    <listofallmembers>
      <member refid="class__27975___projeto_p_o_o___comercio_1_1_produto_1a003144bcaedc068519aaac733d3bbc2d" prot="public" virt="non-virtual"><scope>_27975_ProjetoPOO_Comercio::Produto</scope><name>AtualizarStock</name></member>
      <member refid="class__27975___projeto_p_o_o___comercio_1_1_produto_1a518c2f114fce7321f2a5f84e66fdee4f" prot="private" virt="non-virtual"><scope>_27975_ProjetoPOO_Comercio::Produto</scope><name>categoria</name></member>
      <member refid="class__27975___projeto_p_o_o___comercio_1_1_produto_1a69dbf0b7d8ad1efcc438f15174cd329d" prot="public" virt="non-virtual"><scope>_27975_ProjetoPOO_Comercio::Produto</scope><name>Categoria</name></member>
      <member refid="class__27975___projeto_p_o_o___comercio_1_1_produto_1a2982a163fbac55ac2179c8359cfd66da" prot="private" virt="non-virtual"><scope>_27975_ProjetoPOO_Comercio::Produto</scope><name>descricao</name></member>
      <member refid="class__27975___projeto_p_o_o___comercio_1_1_produto_1aaa00d42e53129082f4b49af8fa5a16a1" prot="public" virt="non-virtual"><scope>_27975_ProjetoPOO_Comercio::Produto</scope><name>Descricao</name></member>
      <member refid="class__27975___projeto_p_o_o___comercio_1_1_produto_1a2e138adb7dce1eb7da2614c59670cf4f" prot="public" virt="non-virtual"><scope>_27975_ProjetoPOO_Comercio::Produto</scope><name>ExibirInformacoes</name></member>
      <member refid="class__27975___projeto_p_o_o___comercio_1_1_produto_1a78f0daaf47b42376abc231894ea0528e" prot="private" virt="non-virtual"><scope>_27975_ProjetoPOO_Comercio::Produto</scope><name>garantiaMeses</name></member>
      <member refid="class__27975___projeto_p_o_o___comercio_1_1_produto_1a7c774d6734de085b2afe3b99fbe1a5c7" prot="public" virt="non-virtual"><scope>_27975_ProjetoPOO_Comercio::Produto</scope><name>GarantiaMeses</name></member>
      <member refid="class__27975___projeto_p_o_o___comercio_1_1_produto_1ab9d1b8642141789b6529b89e66d7d6e3" prot="private" virt="non-virtual"><scope>_27975_ProjetoPOO_Comercio::Produto</scope><name>id</name></member>
      <member refid="class__27975___projeto_p_o_o___comercio_1_1_produto_1a5049748ec081f9d5c1c9cbf08ee8f2b3" prot="public" virt="non-virtual"><scope>_27975_ProjetoPOO_Comercio::Produto</scope><name>Id</name></member>
      <member refid="class__27975___projeto_p_o_o___comercio_1_1_produto_1a73b7ad71bc8fca9b35e8768cfbbbbcc8" prot="private" virt="non-virtual"><scope>_27975_ProjetoPOO_Comercio::Produto</scope><name>marca</name></member>
      <member refid="class__27975___projeto_p_o_o___comercio_1_1_produto_1a10877ee8882f5da2b42905e9a8a214ab" prot="public" virt="non-virtual"><scope>_27975_ProjetoPOO_Comercio::Produto</scope><name>Marca</name></member>
      <member refid="class__27975___projeto_p_o_o___comercio_1_1_produto_1a97c329b8dd89b4040a965f2a67ee149f" prot="private" virt="non-virtual"><scope>_27975_ProjetoPOO_Comercio::Produto</scope><name>nome</name></member>
      <member refid="class__27975___projeto_p_o_o___comercio_1_1_produto_1a99fe446531fdde976783ba825e4f753a" prot="public" virt="non-virtual"><scope>_27975_ProjetoPOO_Comercio::Produto</scope><name>Nome</name></member>
      <member refid="class__27975___projeto_p_o_o___comercio_1_1_produto_1a189d3927c7ae5264c4424ffe7ddb8f86" prot="private" virt="non-virtual"><scope>_27975_ProjetoPOO_Comercio::Produto</scope><name>preco</name></member>
      <member refid="class__27975___projeto_p_o_o___comercio_1_1_produto_1a802dcb411c659d2cf7d644f802a387c5" prot="public" virt="non-virtual"><scope>_27975_ProjetoPOO_Comercio::Produto</scope><name>Preco</name></member>
      <member refid="class__27975___projeto_p_o_o___comercio_1_1_produto_1af691e856f89e9e7a85711b8244d3ef88" prot="public" virt="non-virtual"><scope>_27975_ProjetoPOO_Comercio::Produto</scope><name>Produto</name></member>
      <member refid="class__27975___projeto_p_o_o___comercio_1_1_produto_1a5bb07add2bed7f426ca17e834f3c3430" prot="private" virt="non-virtual"><scope>_27975_ProjetoPOO_Comercio::Produto</scope><name>quantidadeEmStock</name></member>
      <member refid="class__27975___projeto_p_o_o___comercio_1_1_produto_1a037c6a39163aa0cd4ed44581233e6648" prot="public" virt="non-virtual"><scope>_27975_ProjetoPOO_Comercio::Produto</scope><name>QuantidadeEmStock</name></member>
    </listofallmembers>
  </compounddef>
</doxygen>
