<?xml version='1.0' encoding='UTF-8' standalone='no'?>
<doxygen xmlns:xsi="http://www.w3.org/2001/XMLSchema-instance" xsi:noNamespaceSchemaLocation="compound.xsd" version="1.10.0" xml:lang="en-US">
  <compounddef id="class__27975___projeto_p_o_o___comercio_1_1_categoria" kind="class" language="C#" prot="package">
    <compoundname>_27975_ProjetoPOO_Comercio::Categoria</compoundname>
    <sectiondef kind="private-attrib">
      <memberdef kind="variable" id="class__27975___projeto_p_o_o___comercio_1_1_categoria_1a85401e3ad0e5bb6145a4a0b39bce39b3" prot="private" static="no" mutable="no">
        <type>int</type>
        <definition>int _27975_ProjetoPOO_Comercio.Categoria.idCategoria</definition>
        <argsstring></argsstring>
        <name>idCategoria</name>
        <qualifiedname>_27975_ProjetoPOO_Comercio.Categoria.idCategoria</qualifiedname>
        <briefdescription>
<para>Representa um produto no sistema de comércio eletrônico. </para>
        </briefdescription>
        <detaileddescription>
        </detaileddescription>
        <inbodydescription>
        </inbodydescription>
        <location file="Categoria.cs" line="16" column="13" bodyfile="Categoria.cs" bodystart="16" bodyend="-1"/>
      </memberdef>
      <memberdef kind="variable" id="class__27975___projeto_p_o_o___comercio_1_1_categoria_1ab70024a0886a7f86028a85235086800a" prot="private" static="no" mutable="no">
        <type>string</type>
        <definition>string _27975_ProjetoPOO_Comercio.Categoria.nomeCategoria</definition>
        <argsstring></argsstring>
        <name>nomeCategoria</name>
        <qualifiedname>_27975_ProjetoPOO_Comercio.Categoria.nomeCategoria</qualifiedname>
        <briefdescription>
        </briefdescription>
        <detaileddescription>
        </detaileddescription>
        <inbodydescription>
        </inbodydescription>
        <location file="Categoria.cs" line="17" column="16" bodyfile="Categoria.cs" bodystart="17" bodyend="-1"/>
      </memberdef>
    </sectiondef>
    <sectiondef kind="property">
      <memberdef kind="property" id="class__27975___projeto_p_o_o___comercio_1_1_categoria_1ab0e4749ef5077082c571b56c34c460ad" prot="public" static="no" readable="no" writable="no" gettable="yes" privategettable="no" protectedgettable="no" settable="yes" privatesettable="no" protectedsettable="no">
        <type>int</type>
        <definition>int _27975_ProjetoPOO_Comercio.Categoria.Id</definition>
        <argsstring></argsstring>
        <name>Id</name>
        <qualifiedname>_27975_ProjetoPOO_Comercio.Categoria.Id</qualifiedname>
        <briefdescription>
<para>Região que agrupa as propriedades (getters e setters) da classe. </para>
        </briefdescription>
        <detaileddescription>
        </detaileddescription>
        <inbodydescription>
        </inbodydescription>
        <location file="Categoria.cs" line="36" column="20" bodyfile="Categoria.cs" bodystart="37" bodyend="40"/>
      </memberdef>
      <memberdef kind="property" id="class__27975___projeto_p_o_o___comercio_1_1_categoria_1a62f8464addfb3fa2c5435c43ee952d9a" prot="public" static="no" readable="no" writable="no" gettable="yes" privategettable="no" protectedgettable="no" settable="yes" privatesettable="no" protectedsettable="no">
        <type>string</type>
        <definition>string _27975_ProjetoPOO_Comercio.Categoria.Nome</definition>
        <argsstring></argsstring>
        <name>Nome</name>
        <qualifiedname>_27975_ProjetoPOO_Comercio.Categoria.Nome</qualifiedname>
        <briefdescription>
        </briefdescription>
        <detaileddescription>
        </detaileddescription>
        <inbodydescription>
        </inbodydescription>
        <location file="Categoria.cs" line="41" column="23" bodyfile="Categoria.cs" bodystart="42" bodyend="45"/>
      </memberdef>
    </sectiondef>
    <sectiondef kind="public-func">
      <memberdef kind="function" id="class__27975___projeto_p_o_o___comercio_1_1_categoria_1a6d58be91453be5efe49b14a271ca8661" prot="public" static="no" const="no" explicit="no" inline="yes" virt="non-virtual">
        <type></type>
        <definition>_27975_ProjetoPOO_Comercio.Categoria.Categoria</definition>
        <argsstring>(int id, string nome)</argsstring>
        <name>Categoria</name>
        <qualifiedname>_27975_ProjetoPOO_Comercio.Categoria.Categoria</qualifiedname>
        <param>
          <type>int</type>
          <declname>id</declname>
        </param>
        <param>
          <type>string</type>
          <declname>nome</declname>
        </param>
        <briefdescription>
<para>Construtor padrão da classe Produto. </para>
        </briefdescription>
        <detaileddescription>
        </detaileddescription>
        <inbodydescription>
        </inbodydescription>
        <location file="Categoria.cs" line="25" column="16" bodyfile="Categoria.cs" bodystart="25" bodyend="29"/>
      </memberdef>
      <memberdef kind="function" id="class__27975___projeto_p_o_o___comercio_1_1_categoria_1a411b113a934916abb4920cae5d58594c" prot="public" static="no" const="no" explicit="no" inline="yes" virt="non-virtual">
        <type>void</type>
        <definition>void _27975_ProjetoPOO_Comercio.Categoria.AtualizarNome</definition>
        <argsstring>(string novoNome)</argsstring>
        <name>AtualizarNome</name>
        <qualifiedname>_27975_ProjetoPOO_Comercio.Categoria.AtualizarNome</qualifiedname>
        <param>
          <type>string</type>
          <declname>novoNome</declname>
        </param>
        <briefdescription>
<para>Atualiza o nome da categoria. </para>
        </briefdescription>
        <detaileddescription>
<para><parameterlist kind="param"><parameteritem>
<parameternamelist>
<parametername>novoNome</parametername>
</parameternamelist>
<parameterdescription>
<para>O novo nome da categoria.</para>
</parameterdescription>
</parameteritem>
</parameterlist>
</para>
        </detaileddescription>
        <inbodydescription>
        </inbodydescription>
        <location file="Categoria.cs" line="53" column="21" bodyfile="Categoria.cs" bodystart="53" bodyend="56"/>
      </memberdef>
      <memberdef kind="function" id="class__27975___projeto_p_o_o___comercio_1_1_categoria_1a855aae3053cb5155dc4f6a3e898fc05e" prot="public" static="no" const="no" explicit="no" inline="yes" virt="non-virtual">
        <type>string</type>
        <definition>string _27975_ProjetoPOO_Comercio.Categoria.ExibirInfo</definition>
        <argsstring>()</argsstring>
        <name>ExibirInfo</name>
        <qualifiedname>_27975_ProjetoPOO_Comercio.Categoria.ExibirInfo</qualifiedname>
        <briefdescription>
<para>Exibe as informações da categoria. </para>
        </briefdescription>
        <detaileddescription>
<para><simplesect kind="return"><para>Uma string com as informações da categoria.</para>
</simplesect>
</para>
        </detaileddescription>
        <inbodydescription>
        </inbodydescription>
        <location file="Categoria.cs" line="62" column="23" bodyfile="Categoria.cs" bodystart="62" bodyend="65"/>
      </memberdef>
    </sectiondef>
    <briefdescription>
    </briefdescription>
    <detaileddescription>
    </detaileddescription>
    <location file="Categoria.cs" line="9" column="13" bodyfile="Categoria.cs" bodystart="10" bodyend="67"/>
    <listofallmembers>
      <member refid="class__27975___projeto_p_o_o___comercio_1_1_categoria_1a411b113a934916abb4920cae5d58594c" prot="public" virt="non-virtual"><scope>_27975_ProjetoPOO_Comercio::Categoria</scope><name>AtualizarNome</name></member>
      <member refid="class__27975___projeto_p_o_o___comercio_1_1_categoria_1a6d58be91453be5efe49b14a271ca8661" prot="public" virt="non-virtual"><scope>_27975_ProjetoPOO_Comercio::Categoria</scope><name>Categoria</name></member>
      <member refid="class__27975___projeto_p_o_o___comercio_1_1_categoria_1a855aae3053cb5155dc4f6a3e898fc05e" prot="public" virt="non-virtual"><scope>_27975_ProjetoPOO_Comercio::Categoria</scope><name>ExibirInfo</name></member>
      <member refid="class__27975___projeto_p_o_o___comercio_1_1_categoria_1ab0e4749ef5077082c571b56c34c460ad" prot="public" virt="non-virtual"><scope>_27975_ProjetoPOO_Comercio::Categoria</scope><name>Id</name></member>
      <member refid="class__27975___projeto_p_o_o___comercio_1_1_categoria_1a85401e3ad0e5bb6145a4a0b39bce39b3" prot="private" virt="non-virtual"><scope>_27975_ProjetoPOO_Comercio::Categoria</scope><name>idCategoria</name></member>
      <member refid="class__27975___projeto_p_o_o___comercio_1_1_categoria_1a62f8464addfb3fa2c5435c43ee952d9a" prot="public" virt="non-virtual"><scope>_27975_ProjetoPOO_Comercio::Categoria</scope><name>Nome</name></member>
      <member refid="class__27975___projeto_p_o_o___comercio_1_1_categoria_1ab70024a0886a7f86028a85235086800a" prot="private" virt="non-virtual"><scope>_27975_ProjetoPOO_Comercio::Categoria</scope><name>nomeCategoria</name></member>
    </listofallmembers>
  </compounddef>
</doxygen>
