<?xml version='1.0' encoding='UTF-8' standalone='no'?>
<doxygen xmlns:xsi="http://www.w3.org/2001/XMLSchema-instance" xsi:noNamespaceSchemaLocation="compound.xsd" version="1.10.0" xml:lang="en-US">
  <compounddef id="class_business_object_1_1_produto" kind="class" language="C#" prot="public">
    <compoundname>BusinessObject::Produto</compoundname>
    <sectiondef kind="private-attrib">
      <memberdef kind="variable" id="class_business_object_1_1_produto_1a4fb29fd58859897b01bf4a5767a1b5d3" prot="private" static="no" mutable="no">
        <type>int</type>
        <definition>int BusinessObject.Produto.id</definition>
        <argsstring></argsstring>
        <name>id</name>
        <qualifiedname>BusinessObject.Produto.id</qualifiedname>
        <briefdescription>
<para>Representa um produto no sistema de comércio eletrônico. </para>
        </briefdescription>
        <detaileddescription>
        </detaileddescription>
        <inbodydescription>
        </inbodydescription>
        <location file="BusinessObjectLib/Produto.cs" line="18" column="17" bodyfile="BusinessObjectLib/Produto.cs" bodystart="18" bodyend="-1"/>
      </memberdef>
      <memberdef kind="variable" id="class_business_object_1_1_produto_1aa392ed344053b5502f60440a79cbcc45" prot="private" static="no" mutable="no">
        <type>string</type>
        <definition>string BusinessObject.Produto.nome</definition>
        <argsstring></argsstring>
        <name>nome</name>
        <qualifiedname>BusinessObject.Produto.nome</qualifiedname>
        <briefdescription>
        </briefdescription>
        <detaileddescription>
        </detaileddescription>
        <inbodydescription>
        </inbodydescription>
        <location file="BusinessObjectLib/Produto.cs" line="19" column="20" bodyfile="BusinessObjectLib/Produto.cs" bodystart="19" bodyend="-1"/>
      </memberdef>
      <memberdef kind="variable" id="class_business_object_1_1_produto_1a07f55116018121a0f598d9d04166ddb9" prot="private" static="no" mutable="no">
        <type>string</type>
        <definition>string BusinessObject.Produto.descricao</definition>
        <argsstring></argsstring>
        <name>descricao</name>
        <qualifiedname>BusinessObject.Produto.descricao</qualifiedname>
        <briefdescription>
        </briefdescription>
        <detaileddescription>
        </detaileddescription>
        <inbodydescription>
        </inbodydescription>
        <location file="BusinessObjectLib/Produto.cs" line="20" column="20" bodyfile="BusinessObjectLib/Produto.cs" bodystart="20" bodyend="-1"/>
      </memberdef>
      <memberdef kind="variable" id="class_business_object_1_1_produto_1a75e3f42678cd3a1ffbebf28012400d79" prot="private" static="no" mutable="no">
        <type>double</type>
        <definition>double BusinessObject.Produto.preco</definition>
        <argsstring></argsstring>
        <name>preco</name>
        <qualifiedname>BusinessObject.Produto.preco</qualifiedname>
        <briefdescription>
        </briefdescription>
        <detaileddescription>
        </detaileddescription>
        <inbodydescription>
        </inbodydescription>
        <location file="BusinessObjectLib/Produto.cs" line="21" column="21" bodyfile="BusinessObjectLib/Produto.cs" bodystart="21" bodyend="-1"/>
      </memberdef>
      <memberdef kind="variable" id="class_business_object_1_1_produto_1a7d88e995469471e7139ad9cef1ba1e9f" prot="private" static="no" mutable="no">
        <type>string</type>
        <definition>string BusinessObject.Produto.categoria</definition>
        <argsstring></argsstring>
        <name>categoria</name>
        <qualifiedname>BusinessObject.Produto.categoria</qualifiedname>
        <briefdescription>
        </briefdescription>
        <detaileddescription>
        </detaileddescription>
        <inbodydescription>
        </inbodydescription>
        <location file="BusinessObjectLib/Produto.cs" line="24" column="20" bodyfile="BusinessObjectLib/Produto.cs" bodystart="24" bodyend="-1"/>
      </memberdef>
      <memberdef kind="variable" id="class_business_object_1_1_produto_1ae411328038b140150002a21ab20404a4" prot="private" static="no" mutable="no">
        <type>string</type>
        <definition>string BusinessObject.Produto.marca</definition>
        <argsstring></argsstring>
        <name>marca</name>
        <qualifiedname>BusinessObject.Produto.marca</qualifiedname>
        <briefdescription>
        </briefdescription>
        <detaileddescription>
        </detaileddescription>
        <inbodydescription>
        </inbodydescription>
        <location file="BusinessObjectLib/Produto.cs" line="25" column="20" bodyfile="BusinessObjectLib/Produto.cs" bodystart="25" bodyend="-1"/>
      </memberdef>
      <memberdef kind="variable" id="class_business_object_1_1_produto_1aa8ea6fab5590b33c7f9f240696eaa9f4" prot="private" static="no" mutable="no">
        <type>int</type>
        <definition>int BusinessObject.Produto.quantidadeEmStock</definition>
        <argsstring></argsstring>
        <name>quantidadeEmStock</name>
        <qualifiedname>BusinessObject.Produto.quantidadeEmStock</qualifiedname>
        <briefdescription>
        </briefdescription>
        <detaileddescription>
        </detaileddescription>
        <inbodydescription>
        </inbodydescription>
        <location file="BusinessObjectLib/Produto.cs" line="26" column="17" bodyfile="BusinessObjectLib/Produto.cs" bodystart="26" bodyend="-1"/>
      </memberdef>
      <memberdef kind="variable" id="class_business_object_1_1_produto_1a39a02ec8f3a8e1b765cee5b0a0385f55" prot="private" static="no" mutable="no">
        <type>int</type>
        <definition>int BusinessObject.Produto.garantiaMeses</definition>
        <argsstring></argsstring>
        <name>garantiaMeses</name>
        <qualifiedname>BusinessObject.Produto.garantiaMeses</qualifiedname>
        <briefdescription>
        </briefdescription>
        <detaileddescription>
        </detaileddescription>
        <inbodydescription>
        </inbodydescription>
        <location file="BusinessObjectLib/Produto.cs" line="27" column="17" bodyfile="BusinessObjectLib/Produto.cs" bodystart="27" bodyend="-1"/>
      </memberdef>
    </sectiondef>
    <sectiondef kind="property">
      <memberdef kind="property" id="class_business_object_1_1_produto_1a0e88c1a39056ce84cd810be0e1c0a5b3" prot="public" static="no" readable="no" writable="no" gettable="yes" privategettable="no" protectedgettable="no" settable="yes" privatesettable="no" protectedsettable="no">
        <type>int</type>
        <definition>int BusinessObject.Produto.Id</definition>
        <argsstring></argsstring>
        <name>Id</name>
        <qualifiedname>BusinessObject.Produto.Id</qualifiedname>
        <briefdescription>
<para>Região que agrupa as propriedades (getters e setters) da classe. </para>
        </briefdescription>
        <detaileddescription>
        </detaileddescription>
        <inbodydescription>
        </inbodydescription>
        <location file="BusinessObjectLib/Produto.cs" line="54" column="20" bodyfile="BusinessObjectLib/Produto.cs" bodystart="55" bodyend="58"/>
      </memberdef>
      <memberdef kind="property" id="class_business_object_1_1_produto_1af231c36c718115d18c5515aebd3ed9ef" prot="public" static="no" readable="no" writable="no" gettable="yes" privategettable="no" protectedgettable="no" settable="yes" privatesettable="no" protectedsettable="no">
        <type>string</type>
        <definition>string BusinessObject.Produto.Nome</definition>
        <argsstring></argsstring>
        <name>Nome</name>
        <qualifiedname>BusinessObject.Produto.Nome</qualifiedname>
        <briefdescription>
        </briefdescription>
        <detaileddescription>
        </detaileddescription>
        <inbodydescription>
        </inbodydescription>
        <location file="BusinessObjectLib/Produto.cs" line="59" column="23" bodyfile="BusinessObjectLib/Produto.cs" bodystart="60" bodyend="63"/>
      </memberdef>
      <memberdef kind="property" id="class_business_object_1_1_produto_1acf11dc72b5f843a593f3a15afd711cd7" prot="public" static="no" readable="no" writable="no" gettable="yes" privategettable="no" protectedgettable="no" settable="yes" privatesettable="no" protectedsettable="no">
        <type>string</type>
        <definition>string BusinessObject.Produto.Descricao</definition>
        <argsstring></argsstring>
        <name>Descricao</name>
        <qualifiedname>BusinessObject.Produto.Descricao</qualifiedname>
        <briefdescription>
        </briefdescription>
        <detaileddescription>
        </detaileddescription>
        <inbodydescription>
        </inbodydescription>
        <location file="BusinessObjectLib/Produto.cs" line="64" column="23" bodyfile="BusinessObjectLib/Produto.cs" bodystart="65" bodyend="68"/>
      </memberdef>
      <memberdef kind="property" id="class_business_object_1_1_produto_1a0726ac940ee6486f7879eeefaa7a0a9c" prot="public" static="no" readable="no" writable="no" gettable="yes" privategettable="no" protectedgettable="no" settable="yes" privatesettable="no" protectedsettable="no">
        <type>double</type>
        <definition>double BusinessObject.Produto.Preco</definition>
        <argsstring></argsstring>
        <name>Preco</name>
        <qualifiedname>BusinessObject.Produto.Preco</qualifiedname>
        <briefdescription>
        </briefdescription>
        <detaileddescription>
        </detaileddescription>
        <inbodydescription>
        </inbodydescription>
        <location file="BusinessObjectLib/Produto.cs" line="69" column="23" bodyfile="BusinessObjectLib/Produto.cs" bodystart="70" bodyend="73"/>
      </memberdef>
      <memberdef kind="property" id="class_business_object_1_1_produto_1ab503b0b160827cf1e39245b196190c73" prot="public" static="no" readable="no" writable="no" gettable="yes" privategettable="no" protectedgettable="no" settable="yes" privatesettable="no" protectedsettable="no">
        <type>string</type>
        <definition>string BusinessObject.Produto.Categoria</definition>
        <argsstring></argsstring>
        <name>Categoria</name>
        <qualifiedname>BusinessObject.Produto.Categoria</qualifiedname>
        <briefdescription>
        </briefdescription>
        <detaileddescription>
        </detaileddescription>
        <inbodydescription>
        </inbodydescription>
        <location file="BusinessObjectLib/Produto.cs" line="74" column="23" bodyfile="BusinessObjectLib/Produto.cs" bodystart="75" bodyend="78"/>
      </memberdef>
      <memberdef kind="property" id="class_business_object_1_1_produto_1a8bff8b8e1287e1c04be7ae8609d21a35" prot="public" static="no" readable="no" writable="no" gettable="yes" privategettable="no" protectedgettable="no" settable="yes" privatesettable="no" protectedsettable="no">
        <type>string</type>
        <definition>string BusinessObject.Produto.Marca</definition>
        <argsstring></argsstring>
        <name>Marca</name>
        <qualifiedname>BusinessObject.Produto.Marca</qualifiedname>
        <briefdescription>
        </briefdescription>
        <detaileddescription>
        </detaileddescription>
        <inbodydescription>
        </inbodydescription>
        <location file="BusinessObjectLib/Produto.cs" line="79" column="23" bodyfile="BusinessObjectLib/Produto.cs" bodystart="80" bodyend="83"/>
      </memberdef>
      <memberdef kind="property" id="class_business_object_1_1_produto_1ad5ce8f789282f3ab653c465f46bc9e69" prot="public" static="no" readable="no" writable="no" gettable="yes" privategettable="no" protectedgettable="no" settable="yes" privatesettable="no" protectedsettable="no">
        <type>int</type>
        <definition>int BusinessObject.Produto.QuantidadeEmStock</definition>
        <argsstring></argsstring>
        <name>QuantidadeEmStock</name>
        <qualifiedname>BusinessObject.Produto.QuantidadeEmStock</qualifiedname>
        <briefdescription>
        </briefdescription>
        <detaileddescription>
        </detaileddescription>
        <inbodydescription>
        </inbodydescription>
        <location file="BusinessObjectLib/Produto.cs" line="84" column="20" bodyfile="BusinessObjectLib/Produto.cs" bodystart="85" bodyend="88"/>
      </memberdef>
      <memberdef kind="property" id="class_business_object_1_1_produto_1a96cb4b1c780979fcc8ed694febb19a86" prot="public" static="no" readable="no" writable="no" gettable="yes" privategettable="no" protectedgettable="no" settable="yes" privatesettable="no" protectedsettable="no">
        <type>int</type>
        <definition>int BusinessObject.Produto.GarantiaMeses</definition>
        <argsstring></argsstring>
        <name>GarantiaMeses</name>
        <qualifiedname>BusinessObject.Produto.GarantiaMeses</qualifiedname>
        <briefdescription>
        </briefdescription>
        <detaileddescription>
        </detaileddescription>
        <inbodydescription>
        </inbodydescription>
        <location file="BusinessObjectLib/Produto.cs" line="89" column="20" bodyfile="BusinessObjectLib/Produto.cs" bodystart="90" bodyend="93"/>
      </memberdef>
    </sectiondef>
    <sectiondef kind="public-func">
      <memberdef kind="function" id="class_business_object_1_1_produto_1afc77b489cbbe3265a24532dec04988a9" prot="public" static="no" const="no" explicit="no" inline="yes" virt="non-virtual">
        <type></type>
        <definition>BusinessObject.Produto.Produto</definition>
        <argsstring>(int id, string nome, string descricao, double preco, string categoria, string marca, int quantidadeEmStock, int garantiaMeses)</argsstring>
        <name>Produto</name>
        <qualifiedname>BusinessObject.Produto.Produto</qualifiedname>
        <param>
          <type>int</type>
          <declname>id</declname>
        </param>
        <param>
          <type>string</type>
          <declname>nome</declname>
        </param>
        <param>
          <type>string</type>
          <declname>descricao</declname>
        </param>
        <param>
          <type>double</type>
          <declname>preco</declname>
        </param>
        <param>
          <type>string</type>
          <declname>categoria</declname>
        </param>
        <param>
          <type>string</type>
          <declname>marca</declname>
        </param>
        <param>
          <type>int</type>
          <declname>quantidadeEmStock</declname>
        </param>
        <param>
          <type>int</type>
          <declname>garantiaMeses</declname>
        </param>
        <briefdescription>
<para>Construtor padrão da classe Produto. </para>
        </briefdescription>
        <detaileddescription>
        </detaileddescription>
        <inbodydescription>
        </inbodydescription>
        <location file="BusinessObjectLib/Produto.cs" line="36" column="16" bodyfile="BusinessObjectLib/Produto.cs" bodystart="36" bodyend="47"/>
      </memberdef>
      <memberdef kind="function" id="class_business_object_1_1_produto_1a5065ce3e0c1b4cf6981523982efdad75" prot="public" static="no" const="no" explicit="no" inline="yes" virt="non-virtual">
        <type>bool</type>
        <definition>bool BusinessObject.Produto.AtualizarStock</definition>
        <argsstring>(int quantidade)</argsstring>
        <name>AtualizarStock</name>
        <qualifiedname>BusinessObject.Produto.AtualizarStock</qualifiedname>
        <param>
          <type>int</type>
          <declname>quantidade</declname>
        </param>
        <briefdescription>
<para>Atualiza a quantidade de stock. </para>
        </briefdescription>
        <detaileddescription>
<para><parameterlist kind="param"><parameteritem>
<parameternamelist>
<parametername>quantidade</parametername>
</parameternamelist>
<parameterdescription>
</parameterdescription>
</parameteritem>
</parameterlist>
</para>
        </detaileddescription>
        <inbodydescription>
        </inbodydescription>
        <location file="BusinessObjectLib/Produto.cs" line="101" column="21" bodyfile="BusinessObjectLib/Produto.cs" bodystart="101" bodyend="105"/>
      </memberdef>
    </sectiondef>
    <briefdescription>
    </briefdescription>
    <detaileddescription>
    </detaileddescription>
    <location file="BusinessObjectLib/Produto.cs" line="10" column="11" bodyfile="BusinessObjectLib/Produto.cs" bodystart="11" bodyend="109"/>
    <listofallmembers>
      <member refid="class_business_object_1_1_produto_1a5065ce3e0c1b4cf6981523982efdad75" prot="public" virt="non-virtual"><scope>BusinessObject::Produto</scope><name>AtualizarStock</name></member>
      <member refid="class_business_object_1_1_produto_1a7d88e995469471e7139ad9cef1ba1e9f" prot="private" virt="non-virtual"><scope>BusinessObject::Produto</scope><name>categoria</name></member>
      <member refid="class_business_object_1_1_produto_1ab503b0b160827cf1e39245b196190c73" prot="public" virt="non-virtual"><scope>BusinessObject::Produto</scope><name>Categoria</name></member>
      <member refid="class_business_object_1_1_produto_1a07f55116018121a0f598d9d04166ddb9" prot="private" virt="non-virtual"><scope>BusinessObject::Produto</scope><name>descricao</name></member>
      <member refid="class_business_object_1_1_produto_1acf11dc72b5f843a593f3a15afd711cd7" prot="public" virt="non-virtual"><scope>BusinessObject::Produto</scope><name>Descricao</name></member>
      <member refid="class_business_object_1_1_produto_1a39a02ec8f3a8e1b765cee5b0a0385f55" prot="private" virt="non-virtual"><scope>BusinessObject::Produto</scope><name>garantiaMeses</name></member>
      <member refid="class_business_object_1_1_produto_1a96cb4b1c780979fcc8ed694febb19a86" prot="public" virt="non-virtual"><scope>BusinessObject::Produto</scope><name>GarantiaMeses</name></member>
      <member refid="class_business_object_1_1_produto_1a4fb29fd58859897b01bf4a5767a1b5d3" prot="private" virt="non-virtual"><scope>BusinessObject::Produto</scope><name>id</name></member>
      <member refid="class_business_object_1_1_produto_1a0e88c1a39056ce84cd810be0e1c0a5b3" prot="public" virt="non-virtual"><scope>BusinessObject::Produto</scope><name>Id</name></member>
      <member refid="class_business_object_1_1_produto_1ae411328038b140150002a21ab20404a4" prot="private" virt="non-virtual"><scope>BusinessObject::Produto</scope><name>marca</name></member>
      <member refid="class_business_object_1_1_produto_1a8bff8b8e1287e1c04be7ae8609d21a35" prot="public" virt="non-virtual"><scope>BusinessObject::Produto</scope><name>Marca</name></member>
      <member refid="class_business_object_1_1_produto_1aa392ed344053b5502f60440a79cbcc45" prot="private" virt="non-virtual"><scope>BusinessObject::Produto</scope><name>nome</name></member>
      <member refid="class_business_object_1_1_produto_1af231c36c718115d18c5515aebd3ed9ef" prot="public" virt="non-virtual"><scope>BusinessObject::Produto</scope><name>Nome</name></member>
      <member refid="class_business_object_1_1_produto_1a75e3f42678cd3a1ffbebf28012400d79" prot="private" virt="non-virtual"><scope>BusinessObject::Produto</scope><name>preco</name></member>
      <member refid="class_business_object_1_1_produto_1a0726ac940ee6486f7879eeefaa7a0a9c" prot="public" virt="non-virtual"><scope>BusinessObject::Produto</scope><name>Preco</name></member>
      <member refid="class_business_object_1_1_produto_1afc77b489cbbe3265a24532dec04988a9" prot="public" virt="non-virtual"><scope>BusinessObject::Produto</scope><name>Produto</name></member>
      <member refid="class_business_object_1_1_produto_1aa8ea6fab5590b33c7f9f240696eaa9f4" prot="private" virt="non-virtual"><scope>BusinessObject::Produto</scope><name>quantidadeEmStock</name></member>
      <member refid="class_business_object_1_1_produto_1ad5ce8f789282f3ab653c465f46bc9e69" prot="public" virt="non-virtual"><scope>BusinessObject::Produto</scope><name>QuantidadeEmStock</name></member>
    </listofallmembers>
  </compounddef>
</doxygen>
