<?xml version='1.0' encoding='UTF-8' standalone='no'?>
<doxygen xmlns:xsi="http://www.w3.org/2001/XMLSchema-instance" xsi:noNamespaceSchemaLocation="compound.xsd" version="1.10.0" xml:lang="en-US">
  <compounddef id="class__27975___projeto_p_o_o___comercio_1_1_utilizador" kind="class" language="C#" prot="package">
    <compoundname>_27975_ProjetoPOO_Comercio::Utilizador</compoundname>
    <derivedcompoundref refid="class__27975___projeto_p_o_o___comercio_1_1_admin" prot="public" virt="non-virtual">_27975_ProjetoPOO_Comercio.Admin</derivedcompoundref>
    <derivedcompoundref refid="class__27975___projeto_p_o_o___comercio_1_1_cliente" prot="public" virt="non-virtual">_27975_ProjetoPOO_Comercio.Cliente</derivedcompoundref>
    <sectiondef kind="private-attrib">
      <memberdef kind="variable" id="class__27975___projeto_p_o_o___comercio_1_1_utilizador_1ad7e46e7cced63b6e5ef2a106c202e6c9" prot="private" static="no" mutable="no">
        <type>int</type>
        <definition>int _27975_ProjetoPOO_Comercio.Utilizador.id</definition>
        <argsstring></argsstring>
        <name>id</name>
        <qualifiedname>_27975_ProjetoPOO_Comercio.Utilizador.id</qualifiedname>
        <briefdescription>
<para>Representa um produto no sistema de comércio eletrônico. </para>
        </briefdescription>
        <detaileddescription>
        </detaileddescription>
        <inbodydescription>
        </inbodydescription>
        <location file="Utilizador.cs" line="16" column="13" bodyfile="Utilizador.cs" bodystart="16" bodyend="-1"/>
      </memberdef>
      <memberdef kind="variable" id="class__27975___projeto_p_o_o___comercio_1_1_utilizador_1a5e78d6bab06e73fe3e75cd26361abf8a" prot="private" static="no" mutable="no">
        <type>string</type>
        <definition>string _27975_ProjetoPOO_Comercio.Utilizador.nome</definition>
        <argsstring></argsstring>
        <name>nome</name>
        <qualifiedname>_27975_ProjetoPOO_Comercio.Utilizador.nome</qualifiedname>
        <briefdescription>
        </briefdescription>
        <detaileddescription>
        </detaileddescription>
        <inbodydescription>
        </inbodydescription>
        <location file="Utilizador.cs" line="17" column="16" bodyfile="Utilizador.cs" bodystart="17" bodyend="-1"/>
      </memberdef>
      <memberdef kind="variable" id="class__27975___projeto_p_o_o___comercio_1_1_utilizador_1a4fb2b290a795c33a78ae7544d1bf7f3f" prot="private" static="no" mutable="no">
        <type>string</type>
        <definition>string _27975_ProjetoPOO_Comercio.Utilizador.email</definition>
        <argsstring></argsstring>
        <name>email</name>
        <qualifiedname>_27975_ProjetoPOO_Comercio.Utilizador.email</qualifiedname>
        <briefdescription>
        </briefdescription>
        <detaileddescription>
        </detaileddescription>
        <inbodydescription>
        </inbodydescription>
        <location file="Utilizador.cs" line="18" column="16" bodyfile="Utilizador.cs" bodystart="18" bodyend="-1"/>
      </memberdef>
      <memberdef kind="variable" id="class__27975___projeto_p_o_o___comercio_1_1_utilizador_1ae7d78f2f4c63778b215389ff0e67a48d" prot="private" static="no" mutable="no">
        <type>string</type>
        <definition>string _27975_ProjetoPOO_Comercio.Utilizador.nTelemovel</definition>
        <argsstring></argsstring>
        <name>nTelemovel</name>
        <qualifiedname>_27975_ProjetoPOO_Comercio.Utilizador.nTelemovel</qualifiedname>
        <briefdescription>
        </briefdescription>
        <detaileddescription>
        </detaileddescription>
        <inbodydescription>
        </inbodydescription>
        <location file="Utilizador.cs" line="19" column="16" bodyfile="Utilizador.cs" bodystart="19" bodyend="-1"/>
      </memberdef>
    </sectiondef>
    <sectiondef kind="property">
      <memberdef kind="property" id="class__27975___projeto_p_o_o___comercio_1_1_utilizador_1a81bec2129b6b5250fb13f7639afa5c01" prot="public" static="no" readable="no" writable="no" gettable="yes" privategettable="no" protectedgettable="no" settable="yes" privatesettable="no" protectedsettable="no">
        <type>int</type>
        <definition>int _27975_ProjetoPOO_Comercio.Utilizador.Id</definition>
        <argsstring></argsstring>
        <name>Id</name>
        <qualifiedname>_27975_ProjetoPOO_Comercio.Utilizador.Id</qualifiedname>
        <briefdescription>
<para>Região que agrupa as propriedades (getters e setters) da classe. </para>
        </briefdescription>
        <detaileddescription>
        </detaileddescription>
        <inbodydescription>
        </inbodydescription>
        <location file="Utilizador.cs" line="44" column="20" bodyfile="Utilizador.cs" bodystart="45" bodyend="48"/>
      </memberdef>
      <memberdef kind="property" id="class__27975___projeto_p_o_o___comercio_1_1_utilizador_1a03e2e4abaeb29f287db61fb75531bb79" prot="public" static="no" readable="no" writable="no" gettable="yes" privategettable="no" protectedgettable="no" settable="yes" privatesettable="no" protectedsettable="no">
        <type>string</type>
        <definition>string _27975_ProjetoPOO_Comercio.Utilizador.Nome</definition>
        <argsstring></argsstring>
        <name>Nome</name>
        <qualifiedname>_27975_ProjetoPOO_Comercio.Utilizador.Nome</qualifiedname>
        <briefdescription>
        </briefdescription>
        <detaileddescription>
        </detaileddescription>
        <inbodydescription>
        </inbodydescription>
        <location file="Utilizador.cs" line="49" column="23" bodyfile="Utilizador.cs" bodystart="50" bodyend="53"/>
      </memberdef>
      <memberdef kind="property" id="class__27975___projeto_p_o_o___comercio_1_1_utilizador_1a8a5ac5220030e2b67093cca87d94c621" prot="public" static="no" readable="no" writable="no" gettable="yes" privategettable="no" protectedgettable="no" settable="yes" privatesettable="no" protectedsettable="no">
        <type>string</type>
        <definition>string _27975_ProjetoPOO_Comercio.Utilizador.Email</definition>
        <argsstring></argsstring>
        <name>Email</name>
        <qualifiedname>_27975_ProjetoPOO_Comercio.Utilizador.Email</qualifiedname>
        <briefdescription>
        </briefdescription>
        <detaileddescription>
        </detaileddescription>
        <inbodydescription>
        </inbodydescription>
        <location file="Utilizador.cs" line="54" column="23" bodyfile="Utilizador.cs" bodystart="55" bodyend="58"/>
      </memberdef>
      <memberdef kind="property" id="class__27975___projeto_p_o_o___comercio_1_1_utilizador_1a5d302b722a9904f27f39179b21a0c873" prot="public" static="no" readable="no" writable="no" gettable="yes" privategettable="no" protectedgettable="no" settable="yes" privatesettable="no" protectedsettable="no">
        <type>string</type>
        <definition>string _27975_ProjetoPOO_Comercio.Utilizador.NTelemovel</definition>
        <argsstring></argsstring>
        <name>NTelemovel</name>
        <qualifiedname>_27975_ProjetoPOO_Comercio.Utilizador.NTelemovel</qualifiedname>
        <briefdescription>
        </briefdescription>
        <detaileddescription>
        </detaileddescription>
        <inbodydescription>
        </inbodydescription>
        <location file="Utilizador.cs" line="59" column="23" bodyfile="Utilizador.cs" bodystart="60" bodyend="63"/>
      </memberdef>
    </sectiondef>
    <sectiondef kind="public-func">
      <memberdef kind="function" id="class__27975___projeto_p_o_o___comercio_1_1_utilizador_1aaf2806d0e50d2ae1b985af814af519c8" prot="public" static="no" const="no" explicit="no" inline="yes" virt="non-virtual">
        <type></type>
        <definition>_27975_ProjetoPOO_Comercio.Utilizador.Utilizador</definition>
        <argsstring>(int id, string nome, string email, string ntelemovel)</argsstring>
        <name>Utilizador</name>
        <qualifiedname>_27975_ProjetoPOO_Comercio.Utilizador.Utilizador</qualifiedname>
        <param>
          <type>int</type>
          <declname>id</declname>
        </param>
        <param>
          <type>string</type>
          <declname>nome</declname>
        </param>
        <param>
          <type>string</type>
          <declname>email</declname>
        </param>
        <param>
          <type>string</type>
          <declname>ntelemovel</declname>
        </param>
        <briefdescription>
<para>Construtor da classe base. </para>
        </briefdescription>
        <detaileddescription>
<para><parameterlist kind="param"><parameteritem>
<parameternamelist>
<parametername>id</parametername>
</parameternamelist>
<parameterdescription>
</parameterdescription>
</parameteritem>
<parameteritem>
<parameternamelist>
<parametername>nome</parametername>
</parameternamelist>
<parameterdescription>
</parameterdescription>
</parameteritem>
<parameteritem>
<parameternamelist>
<parametername>email</parametername>
</parameternamelist>
<parameterdescription>
</parameterdescription>
</parameteritem>
<parameteritem>
<parameternamelist>
<parametername>ntelemovel</parametername>
</parameternamelist>
<parameterdescription>
</parameterdescription>
</parameteritem>
</parameterlist>
</para>
        </detaileddescription>
        <inbodydescription>
        </inbodydescription>
        <location file="Utilizador.cs" line="30" column="16" bodyfile="Utilizador.cs" bodystart="30" bodyend="36"/>
      </memberdef>
      <memberdef kind="function" id="class__27975___projeto_p_o_o___comercio_1_1_utilizador_1a37c0b1e197f3689a842c2bf74771638f" prot="public" static="no" const="no" explicit="no" inline="yes" virt="virtual">
        <type>void</type>
        <definition>virtual void _27975_ProjetoPOO_Comercio.Utilizador.MostrarInformacoes</definition>
        <argsstring>()</argsstring>
        <name>MostrarInformacoes</name>
        <qualifiedname>_27975_ProjetoPOO_Comercio.Utilizador.MostrarInformacoes</qualifiedname>
        <briefdescription>
<para>Método virtual para exibir informações do utilizador. </para>
        </briefdescription>
        <detaileddescription>
        </detaileddescription>
        <inbodydescription>
        </inbodydescription>
        <location file="Utilizador.cs" line="71" column="29" bodyfile="Utilizador.cs" bodystart="71" bodyend="75"/>
      </memberdef>
    </sectiondef>
    <briefdescription>
    </briefdescription>
    <detaileddescription>
    </detaileddescription>
    <inheritancegraph>
      <node id="1">
        <label>_27975_ProjetoPOO_Comercio.Utilizador</label>
      </node>
      <node id="2">
        <label>_27975_ProjetoPOO_Comercio.Admin</label>
        <link refid="class__27975___projeto_p_o_o___comercio_1_1_admin"/>
        <childnode refid="1" relation="public-inheritance">
        </childnode>
      </node>
      <node id="3">
        <label>_27975_ProjetoPOO_Comercio.Cliente</label>
        <childnode refid="1" relation="public-inheritance">
        </childnode>
      </node>
    </inheritancegraph>
    <location file="Utilizador.cs" line="9" column="13" bodyfile="Utilizador.cs" bodystart="10" bodyend="78"/>
    <listofallmembers>
      <member refid="class__27975___projeto_p_o_o___comercio_1_1_utilizador_1a4fb2b290a795c33a78ae7544d1bf7f3f" prot="private" virt="non-virtual"><scope>_27975_ProjetoPOO_Comercio::Utilizador</scope><name>email</name></member>
      <member refid="class__27975___projeto_p_o_o___comercio_1_1_utilizador_1a8a5ac5220030e2b67093cca87d94c621" prot="public" virt="non-virtual"><scope>_27975_ProjetoPOO_Comercio::Utilizador</scope><name>Email</name></member>
      <member refid="class__27975___projeto_p_o_o___comercio_1_1_utilizador_1ad7e46e7cced63b6e5ef2a106c202e6c9" prot="private" virt="non-virtual"><scope>_27975_ProjetoPOO_Comercio::Utilizador</scope><name>id</name></member>
      <member refid="class__27975___projeto_p_o_o___comercio_1_1_utilizador_1a81bec2129b6b5250fb13f7639afa5c01" prot="public" virt="non-virtual"><scope>_27975_ProjetoPOO_Comercio::Utilizador</scope><name>Id</name></member>
      <member refid="class__27975___projeto_p_o_o___comercio_1_1_utilizador_1a37c0b1e197f3689a842c2bf74771638f" prot="public" virt="virtual"><scope>_27975_ProjetoPOO_Comercio::Utilizador</scope><name>MostrarInformacoes</name></member>
      <member refid="class__27975___projeto_p_o_o___comercio_1_1_utilizador_1a5e78d6bab06e73fe3e75cd26361abf8a" prot="private" virt="non-virtual"><scope>_27975_ProjetoPOO_Comercio::Utilizador</scope><name>nome</name></member>
      <member refid="class__27975___projeto_p_o_o___comercio_1_1_utilizador_1a03e2e4abaeb29f287db61fb75531bb79" prot="public" virt="non-virtual"><scope>_27975_ProjetoPOO_Comercio::Utilizador</scope><name>Nome</name></member>
      <member refid="class__27975___projeto_p_o_o___comercio_1_1_utilizador_1ae7d78f2f4c63778b215389ff0e67a48d" prot="private" virt="non-virtual"><scope>_27975_ProjetoPOO_Comercio::Utilizador</scope><name>nTelemovel</name></member>
      <member refid="class__27975___projeto_p_o_o___comercio_1_1_utilizador_1a5d302b722a9904f27f39179b21a0c873" prot="public" virt="non-virtual"><scope>_27975_ProjetoPOO_Comercio::Utilizador</scope><name>NTelemovel</name></member>
      <member refid="class__27975___projeto_p_o_o___comercio_1_1_utilizador_1aaf2806d0e50d2ae1b985af814af519c8" prot="public" virt="non-virtual"><scope>_27975_ProjetoPOO_Comercio::Utilizador</scope><name>Utilizador</name></member>
    </listofallmembers>
  </compounddef>
</doxygen>
