<?xml version='1.0' encoding='UTF-8' standalone='no'?>
<doxygen xmlns:xsi="http://www.w3.org/2001/XMLSchema-instance" xsi:noNamespaceSchemaLocation="compound.xsd" version="1.10.0" xml:lang="en-US">
  <compounddef id="class_excecoes_lib_1_1_nao_pode_inserir_utilizador" kind="class" language="C#" prot="public">
    <compoundname>ExcecoesLib::NaoPodeInserirUtilizador</compoundname>
    <basecompoundref prot="public" virt="non-virtual">ApplicationException</basecompoundref>
    <sectiondef kind="public-func">
      <memberdef kind="function" id="class_excecoes_lib_1_1_nao_pode_inserir_utilizador_1ab22f5e4da748d5f142a38ddcf333ef7c" prot="public" static="no" const="no" explicit="no" inline="yes" virt="non-virtual">
        <type></type>
        <definition>ExcecoesLib.NaoPodeInserirUtilizador.NaoPodeInserirUtilizador</definition>
        <argsstring>()</argsstring>
        <name>NaoPodeInserirUtilizador</name>
        <qualifiedname>ExcecoesLib.NaoPodeInserirUtilizador.NaoPodeInserirUtilizador</qualifiedname>
        <briefdescription>
<para>Construtor padrão da exceção NaoPodeInserir. </para>
        </briefdescription>
        <detaileddescription>
        </detaileddescription>
        <inbodydescription>
        </inbodydescription>
        <location file="ExcecoesLib/NaoPodeInserirUtilizador.cs" line="15" column="16" bodyfile="ExcecoesLib/NaoPodeInserirUtilizador.cs" bodystart="15" bodyend="15"/>
      </memberdef>
      <memberdef kind="function" id="class_excecoes_lib_1_1_nao_pode_inserir_utilizador_1abf26f010cc590156e07463196ca412c4" prot="public" static="no" const="no" explicit="no" inline="yes" virt="non-virtual">
        <type></type>
        <definition>ExcecoesLib.NaoPodeInserirUtilizador.NaoPodeInserirUtilizador</definition>
        <argsstring>(string message)</argsstring>
        <name>NaoPodeInserirUtilizador</name>
        <qualifiedname>ExcecoesLib.NaoPodeInserirUtilizador.NaoPodeInserirUtilizador</qualifiedname>
        <param>
          <type>string</type>
          <declname>message</declname>
        </param>
        <briefdescription>
<para>Construtor que permite passar uma mensagem personalizada. </para>
        </briefdescription>
        <detaileddescription>
<para><parameterlist kind="param"><parameteritem>
<parameternamelist>
<parametername>message</parametername>
</parameternamelist>
<parameterdescription>
<para>Mensagem de erro personalizada.</para>
</parameterdescription>
</parameteritem>
</parameterlist>
</para>
        </detaileddescription>
        <inbodydescription>
        </inbodydescription>
        <location file="ExcecoesLib/NaoPodeInserirUtilizador.cs" line="21" column="16" bodyfile="ExcecoesLib/NaoPodeInserirUtilizador.cs" bodystart="21" bodyend="21"/>
      </memberdef>
      <memberdef kind="function" id="class_excecoes_lib_1_1_nao_pode_inserir_utilizador_1a57d86ce499190dc51db3b0e05170bb21" prot="public" static="no" const="no" explicit="no" inline="yes" virt="non-virtual">
        <type></type>
        <definition>ExcecoesLib.NaoPodeInserirUtilizador.NaoPodeInserirUtilizador</definition>
        <argsstring>(string message, Exception innerException)</argsstring>
        <name>NaoPodeInserirUtilizador</name>
        <qualifiedname>ExcecoesLib.NaoPodeInserirUtilizador.NaoPodeInserirUtilizador</qualifiedname>
        <param>
          <type>string</type>
          <declname>message</declname>
        </param>
        <param>
          <type>Exception</type>
          <declname>innerException</declname>
        </param>
        <briefdescription>
<para>Construtor que permite passar uma mensagem personalizada e uma exceção interna. </para>
        </briefdescription>
        <detaileddescription>
<para><parameterlist kind="param"><parameteritem>
<parameternamelist>
<parametername>message</parametername>
</parameternamelist>
<parameterdescription>
<para>Mensagem de erro personalizada.</para>
</parameterdescription>
</parameteritem>
<parameteritem>
<parameternamelist>
<parametername>innerException</parametername>
</parameternamelist>
<parameterdescription>
<para>Exceção interna associada ao erro.</para>
</parameterdescription>
</parameteritem>
</parameterlist>
</para>
        </detaileddescription>
        <inbodydescription>
        </inbodydescription>
        <location file="ExcecoesLib/NaoPodeInserirUtilizador.cs" line="28" column="16" bodyfile="ExcecoesLib/NaoPodeInserirUtilizador.cs" bodystart="28" bodyend="28"/>
      </memberdef>
    </sectiondef>
    <briefdescription>
    </briefdescription>
    <detaileddescription>
    </detaileddescription>
    <inheritancegraph>
      <node id="2">
        <label>ApplicationException</label>
      </node>
      <node id="1">
        <label>ExcecoesLib.NaoPodeInserirUtilizador</label>
        <link refid="class_excecoes_lib_1_1_nao_pode_inserir_utilizador"/>
        <childnode refid="2" relation="public-inheritance">
        </childnode>
      </node>
    </inheritancegraph>
    <collaborationgraph>
      <node id="2">
        <label>ApplicationException</label>
      </node>
      <node id="1">
        <label>ExcecoesLib.NaoPodeInserirUtilizador</label>
        <link refid="class_excecoes_lib_1_1_nao_pode_inserir_utilizador"/>
        <childnode refid="2" relation="public-inheritance">
        </childnode>
      </node>
    </collaborationgraph>
    <location file="ExcecoesLib/NaoPodeInserirUtilizador.cs" line="9" column="11" bodyfile="ExcecoesLib/NaoPodeInserirUtilizador.cs" bodystart="10" bodyend="29"/>
    <listofallmembers>
      <member refid="class_excecoes_lib_1_1_nao_pode_inserir_utilizador_1ab22f5e4da748d5f142a38ddcf333ef7c" prot="public" virt="non-virtual"><scope>ExcecoesLib::NaoPodeInserirUtilizador</scope><name>NaoPodeInserirUtilizador</name></member>
      <member refid="class_excecoes_lib_1_1_nao_pode_inserir_utilizador_1abf26f010cc590156e07463196ca412c4" prot="public" virt="non-virtual"><scope>ExcecoesLib::NaoPodeInserirUtilizador</scope><name>NaoPodeInserirUtilizador</name></member>
      <member refid="class_excecoes_lib_1_1_nao_pode_inserir_utilizador_1a57d86ce499190dc51db3b0e05170bb21" prot="public" virt="non-virtual"><scope>ExcecoesLib::NaoPodeInserirUtilizador</scope><name>NaoPodeInserirUtilizador</name></member>
    </listofallmembers>
  </compounddef>
</doxygen>
