<?xml version='1.0' encoding='UTF-8' standalone='no'?>
<doxygen xmlns:xsi="http://www.w3.org/2001/XMLSchema-instance" xsi:noNamespaceSchemaLocation="compound.xsd" version="1.10.0" xml:lang="en-US">
  <compounddef id="class__27975___projeto_p_o_o___comercio_1_1_program" kind="class" language="C#" prot="package">
    <compoundname>_27975_ProjetoPOO_Comercio::Program</compoundname>
    <sectiondef kind="private-static-func">
      <memberdef kind="function" id="class__27975___projeto_p_o_o___comercio_1_1_program_1a44608eb4dd03cfae8f6fdaa6297757b4" prot="private" static="yes" const="no" explicit="no" inline="yes" virt="non-virtual">
        <type>void</type>
        <definition>static void _27975_ProjetoPOO_Comercio.Program.Main</definition>
        <argsstring>(string[] args)</argsstring>
        <name>Main</name>
        <qualifiedname>_27975_ProjetoPOO_Comercio.Program.Main</qualifiedname>
        <param>
          <type>string[]</type>
          <declname>args</declname>
        </param>
        <briefdescription>
        </briefdescription>
        <detaileddescription>
        </detaileddescription>
        <inbodydescription>
        </inbodydescription>
        <location file="Program.cs" line="21" column="21" bodyfile="Program.cs" bodystart="21" bodyend="438"/>
      </memberdef>
    </sectiondef>
    <briefdescription>
    </briefdescription>
    <detaileddescription>
    </detaileddescription>
    <location file="Program.cs" line="19" column="13" bodyfile="Program.cs" bodystart="20" bodyend="439"/>
    <listofallmembers>
      <member refid="class__27975___projeto_p_o_o___comercio_1_1_program_1a44608eb4dd03cfae8f6fdaa6297757b4" prot="private" virt="non-virtual"><scope>_27975_ProjetoPOO_Comercio::Program</scope><name>Main</name></member>
    </listofallmembers>
  </compounddef>
</doxygen>
