<?xml version='1.0' encoding='UTF-8' standalone='no'?>
<doxygen xmlns:xsi="http://www.w3.org/2001/XMLSchema-instance" xsi:noNamespaceSchemaLocation="compound.xsd" version="1.10.0" xml:lang="en-US">
  <compounddef id="class_regras_lib_1_1_regra_pedido" kind="class" language="C#" prot="public">
    <compoundname>RegrasLib::RegraPedido</compoundname>
    <sectiondef kind="public-static-func">
      <memberdef kind="function" id="class_regras_lib_1_1_regra_pedido_1ad8ef2a9ca210c5095fbf316d38d06af2" prot="public" static="yes" const="no" explicit="no" inline="yes" virt="non-virtual">
        <type>bool</type>
        <definition>static bool RegrasLib.RegraPedido.ValidarPedidoNaoVazio</definition>
        <argsstring>(Pedido pedido)</argsstring>
        <name>ValidarPedidoNaoVazio</name>
        <qualifiedname>RegrasLib.RegraPedido.ValidarPedidoNaoVazio</qualifiedname>
        <param>
          <type><ref refid="class_business_object_1_1_pedido" kindref="compound">Pedido</ref></type>
          <declname>pedido</declname>
        </param>
        <briefdescription>
<para>Método para validar se um pedido não está vazio. </para>
        </briefdescription>
        <detaileddescription>
<para><parameterlist kind="param"><parameteritem>
<parameternamelist>
<parametername>pedido</parametername>
</parameternamelist>
<parameterdescription>
</parameterdescription>
</parameteritem>
</parameterlist>
<simplesect kind="return"><para></para>
</simplesect>
</para>
        </detaileddescription>
        <inbodydescription>
        </inbodydescription>
        <location file="RegrasLib/RegraPedido.cs" line="23" column="28" bodyfile="RegrasLib/RegraPedido.cs" bodystart="23" bodyend="26"/>
      </memberdef>
    </sectiondef>
    <briefdescription>
<para>Classe responsável por encapsular regras de negócio relacionadas a pedidos. </para>
    </briefdescription>
    <detaileddescription>
    </detaileddescription>
    <location file="RegrasLib/RegraPedido.cs" line="16" column="11" bodyfile="RegrasLib/RegraPedido.cs" bodystart="17" bodyend="38"/>
    <listofallmembers>
      <member refid="class_regras_lib_1_1_regra_pedido_1ad8ef2a9ca210c5095fbf316d38d06af2" prot="public" virt="non-virtual"><scope>RegrasLib::RegraPedido</scope><name>ValidarPedidoNaoVazio</name></member>
    </listofallmembers>
  </compounddef>
</doxygen>
