<?xml version='1.0' encoding='UTF-8' standalone='no'?>
<doxygen xmlns:xsi="http://www.w3.org/2001/XMLSchema-instance" xsi:noNamespaceSchemaLocation="compound.xsd" version="1.10.0" xml:lang="en-US">
  <compounddef id="dir_43724e81dd40e09f32417973865cdd64" kind="dir">
    <compoundname>obj</compoundname>
    <innerdir refid="dir_a71c3b2ad23b9ff58220dd012d201987">obj/Debug</innerdir>
    <briefdescription>
    </briefdescription>
    <detaileddescription>
    </detaileddescription>
    <location file="obj/"/>
  </compounddef>
</doxygen>
