<?xml version='1.0' encoding='UTF-8' standalone='no'?>
<doxygen xmlns:xsi="http://www.w3.org/2001/XMLSchema-instance" xsi:noNamespaceSchemaLocation="compound.xsd" version="1.10.0" xml:lang="en-US">
  <compounddef id="dir_a71c3b2ad23b9ff58220dd012d201987" kind="dir">
    <compoundname>obj/Debug</compoundname>
    <innerfile refid="obj_2_debug_2_8_n_e_t_framework_00_version_0av4_87_82_8_assembly_attributes_8cs">.NETFramework,Version=v4.7.2.AssemblyAttributes.cs</innerfile>
    <briefdescription>
    </briefdescription>
    <detaileddescription>
    </detaileddescription>
    <location file="obj/Debug/"/>
  </compounddef>
</doxygen>
