<?xml version='1.0' encoding='UTF-8' standalone='no'?>
<doxygen xmlns:xsi="http://www.w3.org/2001/XMLSchema-instance" xsi:noNamespaceSchemaLocation="compound.xsd" version="1.10.0" xml:lang="en-US">
  <compounddef id="dir_28c83301c9862adaa57b36c75eb7ed7e" kind="dir">
    <compoundname>RegrasLib/Properties</compoundname>
    <innerfile refid="_regras_lib_2_properties_2_assembly_info_8cs">AssemblyInfo.cs</innerfile>
    <briefdescription>
    </briefdescription>
    <detaileddescription>
    </detaileddescription>
    <location file="RegrasLib/Properties/"/>
  </compounddef>
</doxygen>
