<?xml version='1.0' encoding='UTF-8' standalone='no'?>
<doxygen xmlns:xsi="http://www.w3.org/2001/XMLSchema-instance" xsi:noNamespaceSchemaLocation="compound.xsd" version="1.10.0" xml:lang="en-US">
  <compounddef id="dir_42a261c5de841926d4f768ace92667de" kind="dir">
    <compoundname>BusinessObjectLib/Properties</compoundname>
    <innerfile refid="_business_object_lib_2_properties_2_assembly_info_8cs">AssemblyInfo.cs</innerfile>
    <briefdescription>
    </briefdescription>
    <detaileddescription>
    </detaileddescription>
    <location file="BusinessObjectLib/Properties/"/>
  </compounddef>
</doxygen>
