<?xml version='1.0' encoding='UTF-8' standalone='no'?>
<doxygen xmlns:xsi="http://www.w3.org/2001/XMLSchema-instance" xsi:noNamespaceSchemaLocation="compound.xsd" version="1.10.0" xml:lang="en-US">
  <compounddef id="dir_62c48c2a3e9e05a139c217b3e4d879dd" kind="dir">
    <compoundname>BusinessObjectLib/obj/Debug</compoundname>
    <innerfile refid="_business_object_lib_2obj_2_debug_2_8_n_e_t_framework_00_version_0av4_87_82_8_assembly_attributes_8cs">.NETFramework,Version=v4.7.2.AssemblyAttributes.cs</innerfile>
    <briefdescription>
    </briefdescription>
    <detaileddescription>
    </detaileddescription>
    <location file="BusinessObjectLib/obj/Debug/"/>
  </compounddef>
</doxygen>
