<?xml version='1.0' encoding='UTF-8' standalone='no'?>
<doxygen xmlns:xsi="http://www.w3.org/2001/XMLSchema-instance" xsi:noNamespaceSchemaLocation="compound.xsd" version="1.10.0" xml:lang="en-US">
  <compounddef id="dir_3a2c9a9afd8e775a6b5f3b607725889d" kind="dir">
    <compoundname>BusinessObjectLib/obj</compoundname>
    <innerdir refid="dir_62c48c2a3e9e05a139c217b3e4d879dd">BusinessObjectLib/obj/Debug</innerdir>
    <briefdescription>
    </briefdescription>
    <detaileddescription>
    </detaileddescription>
    <location file="BusinessObjectLib/obj/"/>
  </compounddef>
</doxygen>
