<?xml version='1.0' encoding='UTF-8' standalone='no'?>
<doxygen xmlns:xsi="http://www.w3.org/2001/XMLSchema-instance" xsi:noNamespaceSchemaLocation="compound.xsd" version="1.10.0" xml:lang="en-US">
  <compounddef id="dir_bd751de64e7904a1151083d526082a02" kind="dir">
    <compoundname>TestProject/obj/Debug/net6.0</compoundname>
    <innerfile refid="_8_n_e_t_core_app_00_version_0av6_80_8_assembly_attributes_8cs">.NETCoreApp,Version=v6.0.AssemblyAttributes.cs</innerfile>
    <innerfile refid="_test_project_8_assembly_info_8cs">TestProject.AssemblyInfo.cs</innerfile>
    <innerfile refid="_test_project_8_global_usings_8g_8cs">TestProject.GlobalUsings.g.cs</innerfile>
    <briefdescription>
    </briefdescription>
    <detaileddescription>
    </detaileddescription>
    <location file="TestProject/obj/Debug/net6.0/"/>
  </compounddef>
</doxygen>
