<?xml version='1.0' encoding='UTF-8' standalone='no'?>
<doxygen xmlns:xsi="http://www.w3.org/2001/XMLSchema-instance" xsi:noNamespaceSchemaLocation="compound.xsd" version="1.10.0" xml:lang="en-US">
  <compounddef id="dir_127036f7daee74ee37d265def880045f" kind="dir">
    <compoundname>ExcecoesLib/Properties</compoundname>
    <innerfile refid="_excecoes_lib_2_properties_2_assembly_info_8cs">AssemblyInfo.cs</innerfile>
    <briefdescription>
    </briefdescription>
    <detaileddescription>
    </detaileddescription>
    <location file="ExcecoesLib/Properties/"/>
  </compounddef>
</doxygen>
