<?xml version='1.0' encoding='UTF-8' standalone='no'?>
<doxygen xmlns:xsi="http://www.w3.org/2001/XMLSchema-instance" xsi:noNamespaceSchemaLocation="compound.xsd" version="1.10.0" xml:lang="en-US">
  <compounddef id="dir_cdd579d479827c7e547bef72fb67165c" kind="dir">
    <compoundname>ListasLib</compoundname>
    <innerdir refid="dir_1fa92544e67f1f1123d4bdee63a171be">ListasLib/obj</innerdir>
    <innerdir refid="dir_25ba639010b9f81f083b6f0b01bd6cb6">ListasLib/Properties</innerdir>
    <innerfile refid="_categorias_8cs">Categorias.cs</innerfile>
    <innerfile refid="_clientes_8cs">Clientes.cs</innerfile>
    <innerfile refid="_pedidos_8cs">Pedidos.cs</innerfile>
    <innerfile refid="_produtos_8cs">Produtos.cs</innerfile>
    <innerfile refid="_utilizadores_8cs">Utilizadores.cs</innerfile>
    <briefdescription>
    </briefdescription>
    <detaileddescription>
    </detaileddescription>
    <location file="ListasLib/"/>
  </compounddef>
</doxygen>
