<?xml version='1.0' encoding='UTF-8' standalone='no'?>
<doxygen xmlns:xsi="http://www.w3.org/2001/XMLSchema-instance" xsi:noNamespaceSchemaLocation="compound.xsd" version="1.10.0" xml:lang="en-US">
  <compounddef id="dir_1fa92544e67f1f1123d4bdee63a171be" kind="dir">
    <compoundname>ListasLib/obj</compoundname>
    <innerdir refid="dir_7c51ff7f12fcf11c2efd6e46a39175f6">ListasLib/obj/Debug</innerdir>
    <briefdescription>
    </briefdescription>
    <detaileddescription>
    </detaileddescription>
    <location file="ListasLib/obj/"/>
  </compounddef>
</doxygen>
