<?xml version='1.0' encoding='UTF-8' standalone='no'?>
<doxygen xmlns:xsi="http://www.w3.org/2001/XMLSchema-instance" xsi:noNamespaceSchemaLocation="compound.xsd" version="1.10.0" xml:lang="en-US">
  <compounddef id="dir_eccdd8a940cf02690854cde07a2a489d" kind="dir">
    <compoundname>RegrasLib</compoundname>
    <innerdir refid="dir_3af2318c5d47899c7588571780da5e26">RegrasLib/obj</innerdir>
    <innerdir refid="dir_28c83301c9862adaa57b36c75eb7ed7e">RegrasLib/Properties</innerdir>
    <innerfile refid="_regra_cliente_8cs">RegraCliente.cs</innerfile>
    <innerfile refid="_regra_pedido_8cs">RegraPedido.cs</innerfile>
    <innerfile refid="_regra_produto_8cs">RegraProduto.cs</innerfile>
    <innerfile refid="_regra_utilizador_8cs">RegraUtilizador.cs</innerfile>
    <briefdescription>
    </briefdescription>
    <detaileddescription>
    </detaileddescription>
    <location file="RegrasLib/"/>
  </compounddef>
</doxygen>
