<?xml version='1.0' encoding='UTF-8' standalone='no'?>
<doxygen xmlns:xsi="http://www.w3.org/2001/XMLSchema-instance" xsi:noNamespaceSchemaLocation="compound.xsd" version="1.10.0" xml:lang="en-US">
  <compounddef id="dir_08fefe518a5e5b1d0ca018a2628734fa" kind="dir">
    <compoundname>TestProject</compoundname>
    <innerdir refid="dir_aeae7956a4ce97b0098e4214da09134a">TestProject/obj</innerdir>
    <innerfile refid="_unit_test1_8cs">UnitTest1.cs</innerfile>
    <briefdescription>
    </briefdescription>
    <detaileddescription>
    </detaileddescription>
    <location file="TestProject/"/>
  </compounddef>
</doxygen>
