<?xml version='1.0' encoding='UTF-8' standalone='no'?>
<doxygen xmlns:xsi="http://www.w3.org/2001/XMLSchema-instance" xsi:noNamespaceSchemaLocation="compound.xsd" version="1.10.0" xml:lang="en-US">
  <compounddef id="dir_96530d62659cdb4ef98a0be066945583" kind="dir">
    <compoundname>ExcecoesLib/obj</compoundname>
    <innerdir refid="dir_5fcc21bcf1702337df71df1934d3fba4">ExcecoesLib/obj/Debug</innerdir>
    <briefdescription>
    </briefdescription>
    <detaileddescription>
    </detaileddescription>
    <location file="ExcecoesLib/obj/"/>
  </compounddef>
</doxygen>
