<?xml version='1.0' encoding='UTF-8' standalone='no'?>
<doxygen xmlns:xsi="http://www.w3.org/2001/XMLSchema-instance" xsi:noNamespaceSchemaLocation="compound.xsd" version="1.10.0" xml:lang="en-US">
  <compounddef id="dir_50b626ddb10cf6196cd7c0f778b9daa2" kind="dir">
    <compoundname>ExcecoesLib</compoundname>
    <innerdir refid="dir_96530d62659cdb4ef98a0be066945583">ExcecoesLib/obj</innerdir>
    <innerdir refid="dir_127036f7daee74ee37d265def880045f">ExcecoesLib/Properties</innerdir>
    <innerfile refid="_cliente_nao_encontrado_8cs">ClienteNaoEncontrado.cs</innerfile>
    <innerfile refid="_nao_pode_inserir_8cs">NaoPodeInserir.cs</innerfile>
    <innerfile refid="_nao_pode_inserir_utilizador_8cs">NaoPodeInserirUtilizador.cs</innerfile>
    <innerfile refid="_pedidos_sem_produto_8cs">PedidosSemProduto.cs</innerfile>
    <innerfile refid="_preco_invalido_8cs">PrecoInvalido.cs</innerfile>
    <innerfile refid="_stock_insuficiente_8cs">StockInsuficiente.cs</innerfile>
    <briefdescription>
    </briefdescription>
    <detaileddescription>
    </detaileddescription>
    <location file="ExcecoesLib/"/>
  </compounddef>
</doxygen>
