<?xml version='1.0' encoding='UTF-8' standalone='no'?>
<doxygen xmlns:xsi="http://www.w3.org/2001/XMLSchema-instance" xsi:noNamespaceSchemaLocation="compound.xsd" version="1.10.0" xml:lang="en-US">
  <compounddef id="dir_3af2318c5d47899c7588571780da5e26" kind="dir">
    <compoundname>RegrasLib/obj</compoundname>
    <innerdir refid="dir_5a196131e1b1e852c3c60010181361d4">RegrasLib/obj/Debug</innerdir>
    <briefdescription>
    </briefdescription>
    <detaileddescription>
    </detaileddescription>
    <location file="RegrasLib/obj/"/>
  </compounddef>
</doxygen>
