<?xml version='1.0' encoding='UTF-8' standalone='no'?>
<doxygen xmlns:xsi="http://www.w3.org/2001/XMLSchema-instance" xsi:noNamespaceSchemaLocation="compound.xsd" version="1.10.0" xml:lang="en-US">
  <compounddef id="dir_fadb70186efe5693df4c047453c7a2c5" kind="dir">
    <compoundname>TestProject/obj/Debug</compoundname>
    <innerdir refid="dir_bd751de64e7904a1151083d526082a02">TestProject/obj/Debug/net6.0</innerdir>
    <briefdescription>
    </briefdescription>
    <detaileddescription>
    </detaileddescription>
    <location file="TestProject/obj/Debug/"/>
  </compounddef>
</doxygen>
