<?xml version='1.0' encoding='UTF-8' standalone='no'?>
<doxygen xmlns:xsi="http://www.w3.org/2001/XMLSchema-instance" xsi:noNamespaceSchemaLocation="compound.xsd" version="1.10.0" xml:lang="en-US">
  <compounddef id="dir_25ba639010b9f81f083b6f0b01bd6cb6" kind="dir">
    <compoundname>ListasLib/Properties</compoundname>
    <innerfile refid="_listas_lib_2_properties_2_assembly_info_8cs">AssemblyInfo.cs</innerfile>
    <briefdescription>
    </briefdescription>
    <detaileddescription>
    </detaileddescription>
    <location file="ListasLib/Properties/"/>
  </compounddef>
</doxygen>
