<?xml version='1.0' encoding='UTF-8' standalone='no'?>
<doxygen xmlns:xsi="http://www.w3.org/2001/XMLSchema-instance" xsi:noNamespaceSchemaLocation="compound.xsd" version="1.10.0" xml:lang="en-US">
  <compounddef id="dir_aeae7956a4ce97b0098e4214da09134a" kind="dir">
    <compoundname>TestProject/obj</compoundname>
    <innerdir refid="dir_fadb70186efe5693df4c047453c7a2c5">TestProject/obj/Debug</innerdir>
    <briefdescription>
    </briefdescription>
    <detaileddescription>
    </detaileddescription>
    <location file="TestProject/obj/"/>
  </compounddef>
</doxygen>
