<?xml version='1.0' encoding='UTF-8' standalone='no'?>
<doxygen xmlns:xsi="http://www.w3.org/2001/XMLSchema-instance" xsi:noNamespaceSchemaLocation="compound.xsd" version="1.10.0" xml:lang="en-US">
  <compounddef id="dir_5fea387b5b970b03b2171a5bc5a589a9" kind="dir">
    <compoundname>BusinessObjectLib</compoundname>
    <innerdir refid="dir_3a2c9a9afd8e775a6b5f3b607725889d">BusinessObjectLib/obj</innerdir>
    <innerdir refid="dir_42a261c5de841926d4f768ace92667de">BusinessObjectLib/Properties</innerdir>
    <innerfile refid="_admin_8cs">Admin.cs</innerfile>
    <innerfile refid="_categoria_8cs">Categoria.cs</innerfile>
    <innerfile refid="_cliente_8cs">Cliente.cs</innerfile>
    <innerfile refid="_my_compare_8cs">MyCompare.cs</innerfile>
    <innerfile refid="_pedido_8cs">Pedido.cs</innerfile>
    <innerfile refid="_produto_8cs">Produto.cs</innerfile>
    <innerfile refid="_utilizador_8cs">Utilizador.cs</innerfile>
    <briefdescription>
    </briefdescription>
    <detaileddescription>
    </detaileddescription>
    <location file="BusinessObjectLib/"/>
  </compounddef>
</doxygen>
